-- MySQL dump 10.13  Distrib 5.6.24, for Win64 (x86_64)
--
-- Host: localhost    Database: test
-- ------------------------------------------------------
-- Server version	5.6.27-log

/*!40101 SET @OLD_CHARACTER_SET_CLIENT=@@CHARACTER_SET_CLIENT */;
/*!40101 SET @OLD_CHARACTER_SET_RESULTS=@@CHARACTER_SET_RESULTS */;
/*!40101 SET @OLD_COLLATION_CONNECTION=@@COLLATION_CONNECTION */;
/*!40101 SET NAMES utf8 */;
/*!40103 SET @OLD_TIME_ZONE=@@TIME_ZONE */;
/*!40103 SET TIME_ZONE='+00:00' */;
/*!40014 SET @OLD_UNIQUE_CHECKS=@@UNIQUE_CHECKS, UNIQUE_CHECKS=0 */;
/*!40014 SET @OLD_FOREIGN_KEY_CHECKS=@@FOREIGN_KEY_CHECKS, FOREIGN_KEY_CHECKS=0 */;
/*!40101 SET @OLD_SQL_MODE=@@SQL_MODE, SQL_MODE='NO_AUTO_VALUE_ON_ZERO' */;
/*!40111 SET @OLD_SQL_NOTES=@@SQL_NOTES, SQL_NOTES=0 */;

--
-- Table structure for table `categoryone`
--

DROP TABLE IF EXISTS `categoryone`;
/*!40101 SET @saved_cs_client     = @@character_set_client */;
/*!40101 SET character_set_client = utf8 */;
CREATE TABLE `categoryone` (
  `id` int(11) NOT NULL AUTO_INCREMENT,
  `name` varchar(255) NOT NULL,
  PRIMARY KEY (`id`)
) ENGINE=InnoDB AUTO_INCREMENT=7 DEFAULT CHARSET=latin1;
/*!40101 SET character_set_client = @saved_cs_client */;

--
-- Dumping data for table `categoryone`
--

LOCK TABLES `categoryone` WRITE;
/*!40000 ALTER TABLE `categoryone` DISABLE KEYS */;
INSERT INTO `categoryone` VALUES (1,'Accessories and Supplies'),(2,'Bone Health'),(3,'Magnetic Resonance Imaging'),(4,'PET/CT'),(5,'Radiography'),(6,'Ultrasound');
/*!40000 ALTER TABLE `categoryone` ENABLE KEYS */;
UNLOCK TABLES;

--
-- Table structure for table `categorytwo`
--

DROP TABLE IF EXISTS `categorytwo`;
/*!40101 SET @saved_cs_client     = @@character_set_client */;
/*!40101 SET character_set_client = utf8 */;
CREATE TABLE `categorytwo` (
  `id` int(11) NOT NULL AUTO_INCREMENT,
  `name` varchar(255) NOT NULL,
  `categoryone_id` int(11) NOT NULL,
  PRIMARY KEY (`id`)
) ENGINE=InnoDB AUTO_INCREMENT=12 DEFAULT CHARSET=latin1;
/*!40101 SET character_set_client = @saved_cs_client */;

--
-- Dumping data for table `categorytwo`
--

LOCK TABLES `categorytwo` WRITE;
/*!40000 ALTER TABLE `categorytwo` DISABLE KEYS */;
INSERT INTO `categorytwo` VALUES (1,'Ultrasound Accessories & Supplies',1),(2,'MR Accessories & Supplies',1),(3,'CT & PET/CT Accessories & Supplies',1),(4,'X-ray Accessories & Supplies',1),(5,'DXA for Bone Health',2),(6,'MR Systems',3),(7,'PET/CT Scanners',4),(8,'PET/CT Applications',4),(9,'Fixed RAD Systems',5),(10,'Mobile X-Ray Systems',5),(11,'Ultrasound Products',6);
/*!40000 ALTER TABLE `categorytwo` ENABLE KEYS */;
UNLOCK TABLES;

--
-- Table structure for table `companies`
--

DROP TABLE IF EXISTS `companies`;
/*!40101 SET @saved_cs_client     = @@character_set_client */;
/*!40101 SET character_set_client = utf8 */;
CREATE TABLE `companies` (
  `id` int(11) NOT NULL AUTO_INCREMENT,
  `name` varchar(255) NOT NULL,
  `telephone` varchar(255) DEFAULT NULL,
  `email` varchar(255) DEFAULT NULL,
  `address` varchar(255) DEFAULT NULL,
  `date_created` datetime NOT NULL DEFAULT CURRENT_TIMESTAMP,
  `date_modified` datetime DEFAULT NULL ON UPDATE CURRENT_TIMESTAMP,
  PRIMARY KEY (`id`)
) ENGINE=InnoDB AUTO_INCREMENT=9 DEFAULT CHARSET=latin1;
/*!40101 SET character_set_client = @saved_cs_client */;

--
-- Dumping data for table `companies`
--

LOCK TABLES `companies` WRITE;
/*!40000 ALTER TABLE `companies` DISABLE KEYS */;
INSERT INTO `companies` VALUES (1,'Alexandra Hospital','63793150','enquiry@alexhosp.com.sg','378 Alexandra Road Singapore 159964','2015-11-18 17:42:10',NULL),(2,'Changi General Hospital','67888833','feedback@cgh.com.sg','2 Simei Street 3 Singapore 529889','2015-11-18 17:42:10',NULL),(3,'National University Hospital','67795555','NUH_Enquiries@nuhs.edu.sg','5 Lower Kent Ridge Rd Singapore 119074','2015-11-18 17:42:10',NULL),(4,'Singapore General Hospital','62223322','sghenquiry@sgh.com.sg','Outram Rd Singapore 169608','2015-11-18 17:42:10',NULL),(7,'Royal Hospital','84918231','enquiry@royalhospital.com','200 Victoria St, 188021','2015-12-01 11:00:17',NULL),(8,'Commonwealth Hospital','90920734','enquiry@cwhospital.com','163 Tanglin Rd, 247933','2015-12-04 10:27:36',NULL);
/*!40000 ALTER TABLE `companies` ENABLE KEYS */;
UNLOCK TABLES;

--
-- Table structure for table `customers`
--

DROP TABLE IF EXISTS `customers`;
/*!40101 SET @saved_cs_client     = @@character_set_client */;
/*!40101 SET character_set_client = utf8 */;
CREATE TABLE `customers` (
  `id` int(11) NOT NULL AUTO_INCREMENT,
  `name` varchar(255) NOT NULL,
  `gender` varchar(255) NOT NULL,
  `company_id` int(11) NOT NULL,
  `department` varchar(255) DEFAULT NULL,
  `position` varchar(255) DEFAULT NULL,
  `telephone` varchar(255) DEFAULT NULL,
  `email` varchar(255) DEFAULT NULL,
  `address` varchar(255) DEFAULT NULL,
  `date_created` datetime DEFAULT CURRENT_TIMESTAMP,
  `date_modified` datetime DEFAULT NULL ON UPDATE CURRENT_TIMESTAMP,
  PRIMARY KEY (`id`)
) ENGINE=InnoDB AUTO_INCREMENT=11 DEFAULT CHARSET=latin1;
/*!40101 SET character_set_client = @saved_cs_client */;

--
-- Dumping data for table `customers`
--

LOCK TABLES `customers` WRITE;
/*!40000 ALTER TABLE `customers` DISABLE KEYS */;
INSERT INTO `customers` VALUES (1,'Zack Li','Male',1,'Bone Department','Head','65931752','zack@alexhosp.com.sg','378 Alexandra Road Singapore 159964','2015-11-18 17:42:11',NULL),(2,'Doris Wu','Female',2,'General Surgery','Physician','90712493','dorisw@cgh.com.sg','2 Simei Street 3 Singapore 529889','2015-11-18 17:42:11',NULL),(3,'Tony Davis','Male',3,'Emergency','Head','84021939','tonyd@nuhs.edu.sg','5 Lower Kent Ridge Rd Singapore 119074','2015-11-18 17:42:11',NULL),(4,'May Wong','Female',4,'Diagnostic imaging','Vice Head','97524138','maywong@sgh.com.sg','Outram Rd Singapore 169608','2015-11-18 17:42:11',NULL),(7,'Michael','Male',7,'Anatomy','Physician','84129231','mich@royalhospital.com','200 Victoria St, 188021','2015-12-01 11:19:08',NULL),(8,'Liu Tuo','Male',7,'Anatomy','Physician','84591283','liutuo@gmail.com','200 Victoria St, 188021','2015-12-01 14:48:27',NULL),(9,'Karl Max','Male',8,'Purchasing Department','Head','88123842','karlmax@cwhospital.com','163 Tanglin Rd, 247933','2015-12-04 10:28:13',NULL),(10,'Rick Qing','Male',3,'Anatomy','Physician','89271784','rickqing@nuhs.com.sg','5 Lower Kent Ridge Rd Singapore 119074','2015-12-04 14:49:48',NULL);
/*!40000 ALTER TABLE `customers` ENABLE KEYS */;
UNLOCK TABLES;

--
-- Table structure for table `deal_comments`
--

DROP TABLE IF EXISTS `deal_comments`;
/*!40101 SET @saved_cs_client     = @@character_set_client */;
/*!40101 SET character_set_client = utf8 */;
CREATE TABLE `deal_comments` (
  `id` int(11) NOT NULL AUTO_INCREMENT,
  `deal_id` int(11) NOT NULL,
  `user_id` int(11) NOT NULL,
  `comment` text NOT NULL,
  `date_created` datetime DEFAULT CURRENT_TIMESTAMP,
  `date_modified` datetime DEFAULT NULL ON UPDATE CURRENT_TIMESTAMP,
  PRIMARY KEY (`id`)
) ENGINE=InnoDB DEFAULT CHARSET=latin1;
/*!40101 SET character_set_client = @saved_cs_client */;

--
-- Dumping data for table `deal_comments`
--

LOCK TABLES `deal_comments` WRITE;
/*!40000 ALTER TABLE `deal_comments` DISABLE KEYS */;
/*!40000 ALTER TABLE `deal_comments` ENABLE KEYS */;
UNLOCK TABLES;

--
-- Table structure for table `deal_documents`
--

DROP TABLE IF EXISTS `deal_documents`;
/*!40101 SET @saved_cs_client     = @@character_set_client */;
/*!40101 SET character_set_client = utf8 */;
CREATE TABLE `deal_documents` (
  `id` int(11) NOT NULL AUTO_INCREMENT,
  `name` varchar(255) NOT NULL,
  `deal_id` int(11) NOT NULL,
  PRIMARY KEY (`id`)
) ENGINE=InnoDB DEFAULT CHARSET=latin1;
/*!40101 SET character_set_client = @saved_cs_client */;

--
-- Dumping data for table `deal_documents`
--

LOCK TABLES `deal_documents` WRITE;
/*!40000 ALTER TABLE `deal_documents` DISABLE KEYS */;
/*!40000 ALTER TABLE `deal_documents` ENABLE KEYS */;
UNLOCK TABLES;

--
-- Table structure for table `deal_events`
--

DROP TABLE IF EXISTS `deal_events`;
/*!40101 SET @saved_cs_client     = @@character_set_client */;
/*!40101 SET character_set_client = utf8 */;
CREATE TABLE `deal_events` (
  `id` int(11) NOT NULL AUTO_INCREMENT,
  `deal_id` int(11) NOT NULL,
  `title` varchar(255) NOT NULL,
  `start_dt` datetime NOT NULL,
  `end_dt` datetime NOT NULL,
  `location` varchar(255) DEFAULT NULL,
  PRIMARY KEY (`id`)
) ENGINE=InnoDB AUTO_INCREMENT=3 DEFAULT CHARSET=latin1;
/*!40101 SET character_set_client = @saved_cs_client */;

--
-- Dumping data for table `deal_events`
--

LOCK TABLES `deal_events` WRITE;
/*!40000 ALTER TABLE `deal_events` DISABLE KEYS */;
INSERT INTO `deal_events` VALUES (1,48,'Meeting with Mr Li','2015-12-01 14:21:00','2015-12-01 16:21:00','378 Alexandra Road Singapore 159964'),(2,49,'Second Product Demo','2015-12-07 14:22:00','2015-12-07 17:22:00','2 Simei Street 3 Singapore 529889');
/*!40000 ALTER TABLE `deal_events` ENABLE KEYS */;
UNLOCK TABLES;

--
-- Table structure for table `deal_follow_requests`
--

DROP TABLE IF EXISTS `deal_follow_requests`;
/*!40101 SET @saved_cs_client     = @@character_set_client */;
/*!40101 SET character_set_client = utf8 */;
CREATE TABLE `deal_follow_requests` (
  `id` int(11) NOT NULL AUTO_INCREMENT,
  `deal_id` int(11) NOT NULL,
  `user_id` int(11) NOT NULL,
  `invitee_id` int(11) NOT NULL,
  `is_responded` tinyint(4) DEFAULT '0',
  PRIMARY KEY (`id`),
  UNIQUE KEY `deal_invitee` (`deal_id`,`invitee_id`)
) ENGINE=InnoDB AUTO_INCREMENT=18 DEFAULT CHARSET=latin1;
/*!40101 SET character_set_client = @saved_cs_client */;

--
-- Dumping data for table `deal_follow_requests`
--

LOCK TABLES `deal_follow_requests` WRITE;
/*!40000 ALTER TABLE `deal_follow_requests` DISABLE KEYS */;
INSERT INTO `deal_follow_requests` VALUES (12,22,8,6,0);
/*!40000 ALTER TABLE `deal_follow_requests` ENABLE KEYS */;
UNLOCK TABLES;

--
-- Table structure for table `deal_followers`
--

DROP TABLE IF EXISTS `deal_followers`;
/*!40101 SET @saved_cs_client     = @@character_set_client */;
/*!40101 SET character_set_client = utf8 */;
CREATE TABLE `deal_followers` (
  `id` int(11) NOT NULL AUTO_INCREMENT,
  `deal_id` int(11) NOT NULL,
  `user_id` int(11) NOT NULL,
  `unread_comments` tinyint(4) NOT NULL DEFAULT '0',
  `unread_events` tinyint(4) NOT NULL DEFAULT '0',
  `unread_files` tinyint(4) NOT NULL DEFAULT '0',
  `unread_expense_claims` tinyint(4) NOT NULL DEFAULT '0',
  `is_owner` tinyint(4) NOT NULL DEFAULT '0',
  `date_created` datetime DEFAULT CURRENT_TIMESTAMP,
  PRIMARY KEY (`id`)
) ENGINE=InnoDB AUTO_INCREMENT=72 DEFAULT CHARSET=latin1;
/*!40101 SET character_set_client = @saved_cs_client */;

--
-- Dumping data for table `deal_followers`
--

LOCK TABLES `deal_followers` WRITE;
/*!40000 ALTER TABLE `deal_followers` DISABLE KEYS */;
INSERT INTO `deal_followers` VALUES (1,1,1,0,1,0,0,1,'2015-12-03 18:49:48'),(2,2,1,0,0,0,0,1,'2015-12-03 18:49:49'),(3,3,1,0,0,0,0,1,'2015-12-03 18:49:49'),(4,1,3,0,1,0,0,0,'2015-12-03 19:16:33'),(5,4,3,0,0,0,0,1,'2015-12-03 19:21:22'),(6,5,3,0,0,0,0,1,'2015-12-03 19:27:09'),(7,6,3,0,0,0,0,1,'2015-12-03 19:28:41'),(8,7,3,0,0,0,0,1,'2015-12-03 19:33:16'),(9,8,3,0,0,0,0,1,'2015-12-03 19:35:31'),(10,9,3,0,0,0,0,1,'2015-12-03 20:03:23'),(11,10,3,0,0,0,0,1,'2015-12-03 20:03:24'),(12,11,8,0,0,0,0,1,'2015-12-03 20:22:58'),(13,12,8,0,0,0,0,1,'2015-12-03 20:26:37'),(14,13,8,0,0,0,0,1,'2015-12-03 20:26:56'),(15,14,8,0,0,0,0,1,'2015-12-04 10:22:08'),(16,15,8,0,0,0,0,1,'2015-12-04 10:22:09'),(17,16,8,0,0,0,0,1,'2015-12-04 10:22:09'),(18,17,8,0,0,0,0,1,'2015-12-04 10:28:31'),(19,19,8,0,0,0,0,1,'2015-12-04 10:28:32'),(20,18,8,0,0,0,0,1,'2015-12-04 10:28:32'),(21,20,8,0,0,0,0,1,'2015-12-04 10:30:33'),(22,21,8,0,0,0,0,1,'2015-12-04 10:31:27'),(23,22,8,0,0,0,0,1,'2015-12-04 10:32:51'),(24,23,8,0,0,0,0,1,'2015-12-04 10:34:11'),(25,21,4,0,0,0,0,0,'2015-12-04 10:42:19'),(26,7,4,0,0,0,0,0,'2015-12-04 10:42:19'),(27,4,4,0,0,0,0,0,'2015-12-04 10:42:20'),(28,1,4,0,0,0,0,0,'2015-12-04 10:42:22'),(29,24,4,0,0,0,0,1,'2015-12-04 10:43:31'),(30,23,7,0,0,0,0,0,'2015-12-04 10:45:59'),(31,9,7,0,0,0,0,0,'2015-12-04 10:45:59'),(32,6,7,0,0,0,0,0,'2015-12-04 10:46:00'),(33,25,7,0,0,0,0,1,'2015-12-04 10:50:09'),(34,26,7,0,0,0,0,1,'2015-12-04 10:53:41'),(35,27,7,0,0,0,0,1,'2015-12-04 10:54:06'),(36,28,8,0,0,0,0,1,'2015-12-04 11:04:14'),(37,29,8,0,0,0,0,1,'2015-12-04 11:04:41'),(38,30,8,0,0,0,0,1,'2015-12-04 11:05:16'),(39,31,8,0,0,0,0,1,'2015-12-04 11:07:05'),(40,32,8,0,0,0,0,1,'2015-12-04 11:07:05'),(41,33,8,0,0,0,0,1,'2015-12-04 11:10:24'),(42,34,8,0,0,0,0,1,'2015-12-04 11:10:35'),(43,35,2,0,0,0,0,1,'2015-12-04 11:12:03'),(44,36,2,0,0,0,0,1,'2015-12-04 11:12:18'),(45,37,2,0,0,0,0,1,'2015-12-04 11:13:13'),(46,38,2,0,0,0,0,1,'2015-12-04 11:14:39'),(47,39,2,0,0,0,0,1,'2015-12-04 11:14:47'),(48,40,2,0,0,0,0,1,'2015-12-04 11:14:56'),(49,41,2,0,0,0,0,1,'2015-12-04 11:16:15'),(50,42,2,0,0,0,0,1,'2015-12-04 11:17:15'),(51,43,2,0,0,0,0,1,'2015-12-04 11:17:37'),(52,44,2,0,0,0,0,1,'2015-12-04 11:17:50'),(53,45,1,0,0,0,0,1,'2015-12-04 11:50:29'),(54,46,1,0,0,0,0,1,'2015-12-04 11:50:40'),(55,9,1,0,0,0,0,0,'2015-12-04 11:51:26'),(56,7,1,0,0,0,0,0,'2015-12-04 11:51:26'),(57,6,1,0,0,0,0,0,'2015-12-04 11:51:27'),(58,4,1,0,0,0,0,0,'2015-12-04 11:51:28'),(59,47,3,0,0,0,0,1,'2015-12-04 14:19:42'),(60,48,3,0,0,0,0,1,'2015-12-04 14:20:59'),(61,49,3,0,0,0,0,1,'2015-12-04 14:22:19'),(62,48,4,0,0,0,0,0,'2015-12-04 14:23:18'),(63,49,4,0,0,0,0,0,'2015-12-04 14:23:19'),(64,50,5,0,0,0,0,1,'2015-12-04 14:50:20'),(65,52,5,0,0,0,0,1,'2015-12-04 14:50:21'),(66,51,5,0,0,0,0,1,'2015-12-04 14:50:21'),(67,53,5,0,0,0,0,1,'2015-12-04 14:50:21'),(68,54,5,0,0,0,0,1,'2015-12-04 15:27:57'),(69,55,5,0,0,0,0,1,'2015-12-04 15:27:57'),(70,48,1,0,0,0,0,0,'2015-12-04 15:33:29'),(71,22,1,0,0,0,0,0,'2015-12-04 15:51:07');
/*!40000 ALTER TABLE `deal_followers` ENABLE KEYS */;
UNLOCK TABLES;

--
-- Table structure for table `deal_requests`
--

DROP TABLE IF EXISTS `deal_requests`;
/*!40101 SET @saved_cs_client     = @@character_set_client */;
/*!40101 SET character_set_client = utf8 */;
CREATE TABLE `deal_requests` (
  `id` int(11) NOT NULL AUTO_INCREMENT,
  `deal_id` int(11) NOT NULL,
  `user_id` int(11) NOT NULL,
  `requestee_id` int(11) NOT NULL,
  `request_message` mediumtext,
  `response_message` mediumtext,
  `request_type` varchar(255) DEFAULT NULL,
  `is_complete` tinyint(4) DEFAULT '0',
  PRIMARY KEY (`id`)
) ENGINE=InnoDB AUTO_INCREMENT=7 DEFAULT CHARSET=latin1;
/*!40101 SET character_set_client = @saved_cs_client */;

--
-- Dumping data for table `deal_requests`
--

LOCK TABLES `deal_requests` WRITE;
/*!40000 ALTER TABLE `deal_requests` DISABLE KEYS */;
INSERT INTO `deal_requests` VALUES (5,48,3,1,'<p>They want 3% discount.</p>',NULL,'DISCOUNT OFFER',0),(6,22,8,1,'<p>They want us to provide product trial for one month.</p>',NULL,'APPLICATION APPROVAL',0);
/*!40000 ALTER TABLE `deal_requests` ENABLE KEYS */;
UNLOCK TABLES;

--
-- Table structure for table `deals`
--

DROP TABLE IF EXISTS `deals`;
/*!40101 SET @saved_cs_client     = @@character_set_client */;
/*!40101 SET character_set_client = utf8 */;
CREATE TABLE `deals` (
  `id` int(11) NOT NULL AUTO_INCREMENT,
  `product_id` int(11) NOT NULL,
  `quantity` int(11) DEFAULT NULL,
  `total_price` int(11) DEFAULT NULL,
  `customer_id` int(11) NOT NULL,
  `company_id` int(11) NOT NULL,
  `user_id` int(11) NOT NULL,
  `deal_status` varchar(255) DEFAULT 'IN PROGRESS',
  `is_parent` tinyint(4) DEFAULT '0',
  `parent_id` int(11) DEFAULT NULL,
  `date_created` datetime NOT NULL DEFAULT CURRENT_TIMESTAMP,
  `date_closed` datetime DEFAULT NULL,
  PRIMARY KEY (`id`),
  KEY `FK_DEAL_PARENT` (`parent_id`),
  CONSTRAINT `FK_DEAL_PARENT` FOREIGN KEY (`parent_id`) REFERENCES `deals` (`id`) ON DELETE CASCADE
) ENGINE=InnoDB AUTO_INCREMENT=56 DEFAULT CHARSET=utf8;
/*!40101 SET character_set_client = @saved_cs_client */;

--
-- Dumping data for table `deals`
--

LOCK TABLES `deals` WRITE;
/*!40000 ALTER TABLE `deals` DISABLE KEYS */;
INSERT INTO `deals` VALUES (1,10,1,71800,1,1,1,'WON',1,NULL,'2015-11-03 18:49:48','2015-11-19 00:00:00'),(2,13,1,2000,1,1,1,'WON',0,1,'2015-11-03 18:49:48','2015-11-19 00:00:00'),(3,27,1,4500,1,1,1,'WON',0,1,'2015-11-03 18:49:48','2015-11-19 00:00:00'),(4,33,1,150000,8,7,3,'WON',1,NULL,'2015-10-08 19:21:22','2015-10-15 19:21:38'),(5,45,1,75000,8,7,3,'IN PROGRESS',NULL,NULL,'2015-12-03 19:27:09','2015-11-22 00:00:00'),(6,49,1,280000,4,4,3,'WON',1,NULL,'2015-11-05 19:28:41','2015-11-29 19:28:44'),(7,3,1,14500,4,4,3,'WON',1,NULL,'2015-09-15 19:33:16','2015-12-03 19:35:45'),(8,23,1,8000,4,4,3,'WON',NULL,7,'2015-12-03 19:35:31','2015-12-03 19:35:45'),(9,34,1,135000,3,3,3,'WON',1,NULL,'2015-09-08 20:03:23','2015-10-22 00:00:00'),(10,21,1,9000,3,3,3,'WON',0,9,'2015-09-08 20:03:23','2015-10-22 00:00:00'),(11,4,2,300000,2,2,8,'WON',1,NULL,'2015-09-01 20:22:57','2015-09-15 20:23:46'),(12,20,2,50000,2,2,8,'IN PROGRESS',NULL,11,'2015-12-03 20:26:37',NULL),(13,19,4,100000,2,2,8,'WON',NULL,11,'2015-12-03 20:26:56',NULL),(14,11,1,38000,3,3,8,'WON',1,NULL,'2015-10-13 10:22:08','2015-11-24 10:22:12'),(15,16,4,200,3,3,8,'WON',0,14,'2015-10-13 00:00:00','2015-11-24 00:00:00'),(16,17,10,120,3,3,8,'WON',0,14,'2015-10-13 00:00:00','2015-11-24 00:00:00'),(17,11,1,38000,9,8,8,'WON',1,NULL,'2015-09-21 10:28:31','2015-09-29 10:28:38'),(18,14,1,7850,9,8,8,'WON',0,17,'2015-09-21 00:00:00','2015-09-29 00:00:00'),(19,18,1,450,9,8,8,'WON',0,17,'2015-09-21 00:00:00','2015-09-29 00:00:00'),(20,48,1,238000,9,8,8,'WON',1,NULL,'2015-11-11 00:00:00','2015-12-01 00:00:00'),(21,32,1,160000,9,8,8,'IN PROGRESS',1,NULL,'2015-11-25 00:00:00',NULL),(22,3,1,120000,4,4,8,'IN PROGRESS',1,NULL,'2015-12-04 10:32:51',NULL),(23,44,1,200000,2,2,8,'IN PROGRESS',1,NULL,'2015-12-04 10:34:11',NULL),(24,24,5,31000,4,4,4,'WON',1,NULL,'2015-09-12 00:00:00','2015-09-21 00:00:00'),(25,47,1,120000,4,4,7,'WON',1,NULL,'2015-09-11 00:00:00','2015-10-10 00:00:00'),(26,16,10,4000,4,4,7,'WON',NULL,25,'2015-09-10 00:00:00','2015-10-11 00:00:00'),(27,14,1,10000,4,4,7,'WON',NULL,25,'2015-09-10 00:00:00','2015-10-11 00:00:00'),(28,34,1,150000,8,7,8,'WON',1,NULL,'2015-10-01 00:00:00','2015-10-10 00:00:00'),(29,20,1,25000,8,7,8,'WON',NULL,28,'2015-10-01 00:00:00','2015-10-10 00:00:00'),(30,21,1,11000,8,7,8,'WON',NULL,28,'2015-10-01 00:00:00','2015-10-10 00:00:00'),(31,34,1,135000,9,8,8,'WON',1,NULL,'2015-09-01 00:00:00','2015-09-10 00:00:00'),(32,20,1,23400,9,8,8,'WON',0,31,'2015-09-01 00:00:00','2015-09-10 00:00:00'),(33,34,1,150000,1,1,8,'WON',1,NULL,'2015-10-03 00:00:00','2015-10-15 00:00:00'),(34,19,1,15000,1,1,8,'WON',NULL,33,'2015-10-03 00:00:00','2015-10-15 00:00:00'),(35,34,1,140000,1,1,2,'WON',1,NULL,'2015-05-01 00:00:00','2015-06-04 00:00:00'),(36,21,2,20000,1,1,2,'WON',NULL,35,'2015-05-01 00:00:00','2015-06-04 00:00:00'),(37,11,1,40000,2,2,2,'WON',1,NULL,'2015-07-01 00:00:00','2015-08-04 00:00:00'),(38,16,5,1000,2,2,2,'WON',NULL,37,'2015-07-01 00:00:00','2015-08-04 00:00:00'),(39,14,1,8000,2,2,2,'WON',NULL,37,'2015-07-01 00:00:00','2015-08-04 00:00:00'),(40,15,1,5000,2,2,2,'WON',NULL,37,'2015-07-01 00:00:00','2015-08-04 00:00:00'),(41,48,1,250000,9,8,2,'WON',1,NULL,'2015-08-04 00:00:00','2015-08-15 00:00:00'),(42,11,1,50000,9,8,2,'WON',1,NULL,'2015-11-04 00:00:00','2015-12-04 11:17:52'),(43,18,1,1000,9,8,2,'WON',NULL,42,'2015-11-04 00:00:00','2015-12-04 11:17:52'),(44,14,1,8500,9,8,2,'WON',NULL,42,'2015-11-04 00:00:00','2015-12-04 11:17:52'),(45,47,1,120000,4,4,1,'WON',1,NULL,'2015-09-23 00:00:00','2015-10-05 00:00:00'),(46,18,2,1000,4,4,1,'WON',NULL,45,'2015-09-23 00:00:00','2015-10-05 00:00:00'),(47,49,1,300000,7,7,3,'LOST',1,NULL,'2015-08-11 14:19:42','2015-08-30 00:00:00'),(48,46,1,200000,1,1,3,'IN PROGRESS',1,NULL,'2015-12-01 00:00:00',NULL),(49,43,1,400000,2,2,3,'IN PROGRESS',1,NULL,'2015-11-20 00:00:00',NULL),(50,46,1,175000,10,3,5,'WON',1,NULL,'2015-11-01 00:00:00','2015-11-29 00:00:00'),(51,16,1,200,10,3,5,'WON',0,50,'2015-11-01 00:00:00','2015-11-29 00:00:00'),(52,17,1,120,10,3,5,'WON',0,50,'2015-11-01 00:00:00','2015-11-29 00:00:00'),(53,15,1,4550,10,3,5,'WON',0,50,'2015-11-01 00:00:00','2015-11-29 00:00:00'),(54,4,1,132000,10,3,5,'WON',1,NULL,'2015-09-08 00:00:00','2015-09-29 00:00:00'),(55,21,1,9000,10,3,5,'WON',0,54,'2015-09-08 00:00:00','2015-09-29 00:00:00');
/*!40000 ALTER TABLE `deals` ENABLE KEYS */;
UNLOCK TABLES;

--
-- Table structure for table `expense_claims`
--

DROP TABLE IF EXISTS `expense_claims`;
/*!40101 SET @saved_cs_client     = @@character_set_client */;
/*!40101 SET character_set_client = utf8 */;
CREATE TABLE `expense_claims` (
  `id` int(11) NOT NULL AUTO_INCREMENT,
  `deal_id` int(11) NOT NULL,
  `user_id` int(11) NOT NULL,
  `title` varchar(255) NOT NULL,
  `date_incurred` datetime NOT NULL,
  `amount` int(11) DEFAULT NULL,
  PRIMARY KEY (`id`)
) ENGINE=InnoDB AUTO_INCREMENT=3 DEFAULT CHARSET=latin1;
/*!40101 SET character_set_client = @saved_cs_client */;

--
-- Dumping data for table `expense_claims`
--

LOCK TABLES `expense_claims` WRITE;
/*!40000 ALTER TABLE `expense_claims` DISABLE KEYS */;
INSERT INTO `expense_claims` VALUES (1,1,1,'trans','2015-11-03 18:55:53',50),(2,4,3,'transportation fee','2015-10-11 00:00:00',50);
/*!40000 ALTER TABLE `expense_claims` ENABLE KEYS */;
UNLOCK TABLES;

--
-- Table structure for table `lead_contacts`
--

DROP TABLE IF EXISTS `lead_contacts`;
/*!40101 SET @saved_cs_client     = @@character_set_client */;
/*!40101 SET character_set_client = utf8 */;
CREATE TABLE `lead_contacts` (
  `id` int(11) NOT NULL AUTO_INCREMENT,
  `lead_id` int(11) NOT NULL,
  `user_id` int(11) NOT NULL,
  `comment` varchar(255) DEFAULT NULL,
  `contact_type` varchar(255) DEFAULT NULL,
  `date_created` datetime DEFAULT CURRENT_TIMESTAMP,
  PRIMARY KEY (`id`)
) ENGINE=InnoDB AUTO_INCREMENT=15 DEFAULT CHARSET=utf8;
/*!40101 SET character_set_client = @saved_cs_client */;

--
-- Dumping data for table `lead_contacts`
--

LOCK TABLES `lead_contacts` WRITE;
/*!40000 ALTER TABLE `lead_contacts` DISABLE KEYS */;
INSERT INTO `lead_contacts` VALUES (7,1,1,'Call for introduction.',NULL,'2015-12-01 14:47:02'),(8,2,1,'Call for providing our price.','PHONE CALL','2015-12-01 14:47:46'),(9,2,1,'Sent Brivo XR385 brochure.','EMAIL','2015-12-01 15:08:16'),(10,2,1,'Met tonight.','FACE TO FACE','2015-12-01 15:12:41'),(11,5,3,'Call for asking interests.','PHONE CALL','2015-12-03 19:17:51'),(12,6,3,'Met in NUS, propose sigma as a solution to their problem.','FACE TO FACE','2015-12-03 20:02:31'),(13,8,3,'Called for introducing our promotion.\nNot interested.','PHONE CALL','2015-12-03 20:09:31'),(14,12,8,'Talked about our Logiq Series','FACE TO FACE','2015-12-04 10:25:59');
/*!40000 ALTER TABLE `lead_contacts` ENABLE KEYS */;
UNLOCK TABLES;

--
-- Table structure for table `leads`
--

DROP TABLE IF EXISTS `leads`;
/*!40101 SET @saved_cs_client     = @@character_set_client */;
/*!40101 SET character_set_client = utf8 */;
CREATE TABLE `leads` (
  `id` int(11) NOT NULL AUTO_INCREMENT,
  `name` varchar(255) NOT NULL,
  `company_name` varchar(255) NOT NULL,
  `interests` mediumtext,
  `telephone` varchar(255) DEFAULT NULL,
  `email` varchar(255) DEFAULT NULL,
  `lead_status` varchar(255) DEFAULT NULL,
  `user_id` int(11) NOT NULL,
  `customer_id` int(11) NOT NULL,
  `company_id` int(11) NOT NULL,
  `source` varchar(255) DEFAULT NULL,
  `quality` tinyint(4) DEFAULT '0',
  `date_created` datetime DEFAULT CURRENT_TIMESTAMP,
  `date_modified` datetime DEFAULT NULL ON UPDATE CURRENT_TIMESTAMP,
  PRIMARY KEY (`id`)
) ENGINE=InnoDB AUTO_INCREMENT=16 DEFAULT CHARSET=utf8;
/*!40101 SET character_set_client = @saved_cs_client */;

--
-- Dumping data for table `leads`
--

LOCK TABLES `leads` WRITE;
/*!40000 ALTER TABLE `leads` DISABLE KEYS */;
INSERT INTO `leads` VALUES (1,'Liu Tuo','Royal Hospital','[\n  {\n    \"id\": 1,\n    \"name\": \"Lunar iDXA for Bone Health\",\n    \"categoryOneId\": 2,\n    \"categoryTwoId\": 5,\n    \"price\": 60000\n  }\n]','84591283','liutuo@gmail.com','QUALIFIED',1,8,7,'Facebook',3,'2015-12-01 14:40:16',NULL),(2,'Shuojun','Nanfang Hospital','[\n  {\n    \"id\": 9,\n    \"name\": \"Brivo XR385\"\n  }\n]','90942104','sj@hotmail.com','CONTACTED',1,0,0,'Healthcare Conference',3,'2015-12-01 14:41:26',NULL),(3,'Mike','Lavenda Clinic','[\n  {\n    \"id\": 11,\n    \"name\": \"LOGIQ P5\"\n  }\n]','90212343','mike@gmail.com','NEW',1,0,0,'Colleague Refer',2,'2015-12-01 14:45:55',NULL),(4,'Zack Li','Alexandra Hospital','[\n  {\n    \"id\": 10,\n    \"name\": \"Optima XR200amx\",\n    \"categoryOneId\": 5,\n    \"categoryTwoId\": 10,\n    \"price\": 71800\n  },\n  {\n    \"id\": 1,\n    \"name\": \"Lunar iDXA for Bone Health\",\n    \"categoryOneId\": 2,\n    \"categoryTwoId\": 5,\n    \"price\": 60000\n  }\n]','65931752','zack@alexhosp.com.sg','QUALIFIED',1,1,1,'Colleague Refer',5,'2015-12-01 15:28:26',NULL),(5,'Liu Tuo','Royal Hospital','[\n  {\n    \"id\": 33,\n    \"name\": \"DPX NT\",\n    \"categoryOneId\": 2,\n    \"categoryTwoId\": 5,\n    \"price\": 150000\n  },\n  {\n    \"id\": 8,\n    \"name\": \"Definium 5000\",\n    \"categoryOneId\": 5,\n    \"categoryTwoId\": 9,\n    \"price\": 84500\n  }\n]','84591283','liutuo@gmail.com','QUALIFIED',3,8,7,'Meet on Healthcare Forum',4,'2015-12-03 19:17:39',NULL),(6,'Tony Davis','National University Hospital','[\n  {\n    \"id\": 34,\n    \"name\": \"Sigma Pioneer\",\n    \"categoryOneId\": 3,\n    \"categoryTwoId\": 6,\n    \"price\": 135000\n  },\n  {\n    \"id\": 11,\n    \"name\": \"LOGIQ P5\",\n    \"categoryOneId\": 6,\n    \"categoryTwoId\": 11,\n    \"price\": 38000\n  }\n]','84021939','tonyd@nuhs.edu.sg','QUALIFIED',3,3,3,'NUS Medicine Dept Conference',3,'2015-12-03 20:01:49',NULL),(7,'Rose','Central Hospital','[\n  {\n    \"id\": 5,\n    \"name\": \"Discovery IQ\",\n    \"categoryOneId\": 4,\n    \"categoryTwoId\": 7,\n    \"price\": 88000\n  }\n]','89762123','rose.g@gmail.com','NEW',3,0,0,'Colleague Refer',3,'2015-12-03 20:06:45',NULL),(8,'Chandler Bing','Central Hospital','[\n  {\n    \"id\": 39,\n    \"name\": \"Signa HDxt 1.5T\",\n    \"categoryOneId\": 3,\n    \"categoryTwoId\": 6,\n    \"price\": 198000\n  }\n]','89336212','chandlerbing@hotmail.com','CONTACTED',3,0,0,'Colleague Refer',2,'2015-12-03 20:08:33',NULL),(9,'Jacky Mao','Epson Hospital','[\n  {\n    \"id\": 4,\n    \"name\": \"Discovery MR750w 3.0T\",\n    \"categoryOneId\": 3,\n    \"categoryTwoId\": 6,\n    \"price\": 132000\n  }\n]','88446633','ee@secret.com','NEW',8,0,0,'Facebook',4,'2015-12-03 20:25:00',NULL),(10,'Zack Li','Alexandra Hospital','[\n  {\n    \"id\": 1,\n    \"name\": \"Lunar iDXA for Bone Health\",\n    \"categoryOneId\": 2,\n    \"categoryTwoId\": 5,\n    \"price\": 60000\n  },\n  {\n    \"id\": 4,\n    \"name\": \"Discovery MR750w 3.0T\",\n    \"categoryOneId\": 3,\n    \"categoryTwoId\": 6,\n    \"price\": 132000\n  }\n]','65931752','zack@alexhosp.com.sg','QUALIFIED',8,1,1,'Facebook',5,'2015-12-03 20:25:26',NULL),(11,'Tony Davis','National University Hospital','[\n  {\n    \"id\": 11,\n    \"name\": \"LOGIQ P5\",\n    \"categoryOneId\": 6,\n    \"categoryTwoId\": 11,\n    \"price\": 38000\n  }\n]','84021939','tonyd@nuhs.edu.sg','QUALIFIED',8,3,3,'Colleague Refer',3,'2015-12-04 10:19:12',NULL),(12,'Karl Max','Commonwealth Hospital','[\n  {\n    \"id\": 11,\n    \"name\": \"LOGIQ P5\",\n    \"categoryOneId\": 6,\n    \"categoryTwoId\": 11,\n    \"price\": 38000\n  },\n  {\n    \"id\": 34,\n    \"name\": \"Sigma Pioneer\",\n    \"categoryOneId\": 3,\n    \"categoryTwoId\": 6,\n    \"price\": 135000\n  }\n]','88123842','karlmax@cwhospital.com','QUALIFIED',8,9,8,'Meet in Dinner hosted by Commonwealth hospital',4,'2015-12-04 10:25:21',NULL),(13,'Liu Tuo','Royal Hospital','[\n  {\n    \"id\": 47,\n    \"name\": \"NextGen LOGIQ e Ultrasound\",\n    \"categoryOneId\": 6,\n    \"categoryTwoId\": 11,\n    \"price\": 98000\n  }\n]','84591283','liutuo@gmail.com','QUALIFIED',7,8,7,'Facebook',5,'2015-12-04 10:51:29',NULL),(14,'Tony Davis','National University Hospital','[\n  {\n    \"id\": 11,\n    \"name\": \"LOGIQ P5\",\n    \"categoryOneId\": 6,\n    \"categoryTwoId\": 11,\n    \"price\": 38000\n  }\n]','84021939','tonyd@nuhs.edu.sg','QUALIFIED',2,3,3,'Meet in Conference',4,'2015-12-04 11:13:49',NULL),(15,'Rick Qing','National University Hospital','[\n  {\n    \"id\": 46,\n    \"name\": \"LOGIQ E9 with XDclear\",\n    \"categoryOneId\": 6,\n    \"categoryTwoId\": 11,\n    \"price\": 175000\n  },\n  {\n    \"id\": 4,\n    \"name\": \"Discovery MR750w 3.0T\",\n    \"categoryOneId\": 3,\n    \"categoryTwoId\": 6,\n    \"price\": 132000\n  }\n]','89271784','rickqing@nuhs.com.sg','QUALIFIED',5,10,3,'Friend Refer',5,'2015-12-04 14:45:50',NULL);
/*!40000 ALTER TABLE `leads` ENABLE KEYS */;
UNLOCK TABLES;

--
-- Table structure for table `offices`
--

DROP TABLE IF EXISTS `offices`;
/*!40101 SET @saved_cs_client     = @@character_set_client */;
/*!40101 SET character_set_client = utf8 */;
CREATE TABLE `offices` (
  `id` int(11) NOT NULL AUTO_INCREMENT,
  `name` varchar(255) DEFAULT NULL,
  PRIMARY KEY (`id`)
) ENGINE=InnoDB AUTO_INCREMENT=5 DEFAULT CHARSET=latin1;
/*!40101 SET character_set_client = @saved_cs_client */;

--
-- Dumping data for table `offices`
--

LOCK TABLES `offices` WRITE;
/*!40000 ALTER TABLE `offices` DISABLE KEYS */;
INSERT INTO `offices` VALUES (1,'Tokyo'),(2,'Shanghai'),(3,'Singapore'),(4,'Osaka');
/*!40000 ALTER TABLE `offices` ENABLE KEYS */;
UNLOCK TABLES;

--
-- Table structure for table `product_documents`
--

DROP TABLE IF EXISTS `product_documents`;
/*!40101 SET @saved_cs_client     = @@character_set_client */;
/*!40101 SET character_set_client = utf8 */;
CREATE TABLE `product_documents` (
  `id` int(11) NOT NULL AUTO_INCREMENT,
  `name` varchar(255) NOT NULL,
  `product_id` int(11) NOT NULL,
  PRIMARY KEY (`id`)
) ENGINE=InnoDB AUTO_INCREMENT=13 DEFAULT CHARSET=latin1;
/*!40101 SET character_set_client = @saved_cs_client */;

--
-- Dumping data for table `product_documents`
--

LOCK TABLES `product_documents` WRITE;
/*!40000 ALTER TABLE `product_documents` DISABLE KEYS */;
INSERT INTO `product_documents` VALUES (1,'product1-Lunar iDXA Brochure.pdf',1),(2,'product2-Brochure_DPX-Bravo.pdf',2),(3,'product4-GEHealthcare-SellSheet_MultiDrive-RF-Transmit.pdf',4),(4,'product5-GEHealthcare-PET-CT_Discovery-IQ_Brochure.pdf',5),(5,'product5-gehealthcare-pet-ct_qclear_brochure.pdf',5),(6,'product6-GEHC-Brochure-Q_Suite_DOC1036682.pdf',6),(7,'product10-GE-Brochure_Mobile-Xray-Systems.pdf',10),(8,'product10-Optima AMX220 vidant Healthcare.pdf',10),(9,'product11-GEHealthcare-Whitepaper_Economics-Ultrasound-Guided-Procedures.pdf',11),(10,'product13-GEHealthcare-Brochure_RaySafe-i2.pdf',13),(11,'product14-GEHC-Invenia-ABUS-Breast-Density-Info.pdf',14),(12,'product14-GEHC-Invenia-ABUS-Education-Info-Sheet.pdf',14);
/*!40000 ALTER TABLE `product_documents` ENABLE KEYS */;
UNLOCK TABLES;

--
-- Table structure for table `product_images`
--

DROP TABLE IF EXISTS `product_images`;
/*!40101 SET @saved_cs_client     = @@character_set_client */;
/*!40101 SET character_set_client = utf8 */;
CREATE TABLE `product_images` (
  `id` int(11) NOT NULL AUTO_INCREMENT,
  `name` varchar(255) NOT NULL,
  `product_id` int(11) NOT NULL,
  PRIMARY KEY (`id`)
) ENGINE=InnoDB AUTO_INCREMENT=80 DEFAULT CHARSET=latin1;
/*!40101 SET character_set_client = @saved_cs_client */;

--
-- Dumping data for table `product_images`
--

LOCK TABLES `product_images` WRITE;
/*!40000 ALTER TABLE `product_images` DISABLE KEYS */;
INSERT INTO `product_images` VALUES (1,'product1-Lunar_iDXA_Bone_Health_spotlight.jpg',1),(2,'product1-GEHC-iDXA-for-Bone-Health_spotlight3.jpg',1),(3,'product1-GEHC-iDXA-for-Bone-Health_spotlight4.jpg',1),(4,'product2-dpx_bravo_clinicianandpatient.jpg',2),(5,'product3-SIGNA-PET-MR_Scanner-inside-view-with-patient-USA.jpg',3),(6,'product3-SIGNA-PET-MR_Scanner-left-angle-view_USA.jpg',3),(7,'product3-SIGNA-PET-MR_Scanner-technologist-with-parent-child-USA.jpg',3),(8,'product4-Discovery_MR_750w_3-0T_product_spotlight.jpg',4),(9,'product4-Discovery_MR_750w_3-0T_product_spotlight3.jpg',4),(10,'product4-Discovery_MR_750w_3-0T_product_spotlight4.jpg',4),(11,'product4-Discovery_MR_750w_3-0T_product_spotlight5.jpg',4),(12,'product4-Discovery_MR_750w_3-0T_product_spotlight6.jpg',4),(13,'product4-Discovery_MR_750w_3-0T_product_spotlight7.jpg',4),(14,'product5-GEHC-Discovery-IQ_spotlight_1_product_shot.jpg',5),(15,'product5-GEHC-Discovery-IQ_spotlight_4_product_closeup.jpg',5),(16,'product5-GEHC-Discovery-IQ_spotlight_5_brand_name.jpg',5),(17,'product6-Discovery_PET_CT_710_spolight.jpg',6),(18,'product6-Discovery_PET_CT_710_spolight3.jpg',6),(19,'product6-ellipse_icons_spotlight.jpg',6),(20,'product8-Definium5000_closeup_hero.jpg',8),(21,'product8-Definium5000_frontview_hero.jpg',8),(22,'product8-Definium5000_patient_hero.jpg',8),(23,'product8-Definium5000_woman_hero.jpg',8),(24,'product9-GEHC-Brivo-XR385_spotlight_1.jpg',9),(25,'product9-GEHC-Brivo-XR385_spotlight_3.jpg',9),(26,'product9-GEHC-Brivo-XR385_spotlight_4.jpg',9),(30,'product10-GEHC-Optima-XR-200amx_spotlight_1.jpg',10),(31,'product10-GEHC-Optima-XR-200amx_spotlight_2.jpg',10),(32,'product10-GEHC-Optima-XR-200amx_spotlight_4.jpg',10),(33,'product11-LOGIQ_P5_product_spotlight.jpg',11),(34,'product12-Voluson-E10_Product-console-right-facing_Hero.jpg',12),(35,'product12-Voluson-E10_Clinical-Hero_Great-1st-5.jpg',12),(36,'product12-Voluson-E10_Clinical-Hero_Gyn-Silhouette.jpg',12),(37,'product12-Voluson-E10_Product-Close-Up-Controls_Hero.jpg',12),(38,'product13-RaySafe_Baseunit_4dosimeters.jpg',13),(39,'product13-RaySafe_Front-base-station_annualdose.jpg',13),(40,'product13-RaySafe_Front-base-station_dosehistoryhour.jpg',13),(41,'product14-GEHC-Invenia-ABUS_spotlight.jpg',14),(42,'product14-GEHC-Invenia-ABUS-Carousel-Spotlight2.jpg',14),(43,'product14-GEHC-Invenia-ABUS-Carousel-Spotlight3.jpg',14),(44,'product15-GEHC-Trophon-EPR_spotlight_product_image.jpg',15),(45,'product16-GEHC-Accessories-Supplies-Transducer-Covers.jpg',16),(46,'product17-GEHC-Accessories-Supplies-Ultrasound-Gels.jpg',17),(47,'product18-Accessories-Supplies_Probe-Rack.jpg',18),(48,'product19-GEHC-Accessories-Supplies-MR-Chillers.jpg',19),(49,'product20-GEHC-Accessories-Supplies-MR-Coils.jpg',20),(50,'product21-GEHC-Accessories-Supplies-Injectors.jpg',21),(51,'product22-GEHC-Accessories-Supplies-Injectors.jpg',22),(52,'product23-GEHC-Accessories-Supplies_Patient-Monitoring.jpg',23),(53,'product24-GEHC-Accessories-Supplies-Flat-Table-Tops.jpg',24),(54,'product25-GEHC-Accessories-Supplies-Respiratory-Gating.jpg',25),(55,'product26-GEHC-Accessories-Supplies-Laser-Systems.jpg',26),(56,'product27-Accessories-Supplies_Detector-Holder_thumbnail.jpg',27),(57,'product28-GEHC-Accessories-Supplies-Radiography-Accessories.jpg',28),(58,'product29-GEHC-Accessories-Supplies-R-F-Accessories.jpg',29),(59,'product30-GEHC-Accessories-Supplies-Mammography-Accessories.jpg',30),(60,'product31-GEHC-Accessories-Supplies-Vascular-Accessories.jpg',31),(61,'product32-prodigy_product_spotlight.jpg',32),(62,'product33-dpx_nt.jpg',33),(63,'product34-Pioneer image th.jpg',34),(64,'product35-GEHeathcare-MR-Creator_Front View_Hero.jpg',35),(65,'product36-Brivo_Spotlight.jpg',36),(66,'product37-GEHC-MR-DV24_thumbnail.jpg',37),(67,'product38-SignaHDxt3-0-FrontLeftSide.jpg',38),(68,'product39-SignaHDxt15Tproductfrontright.jpg',39),(69,'product40-Optima_PETCT560_spotlight1.jpg',40),(70,'product41-GEHC-PET-CT-610_spolight_3.jpg',41),(71,'product42-GEHC-IGS-Optima-XR646_spotlight.jpg',42),(72,'product43-GEHC-Proteus-XR-a_spotlight.jpg',43),(73,'product44-flashpad-detector-smilingtech.jpg',44),(74,'product45-optima_spotlight_v2.jpg',45),(75,'product46-logiq-e9-carousel-1.jpg',46),(76,'product47-New-LOGIQ-e-Ultrasound-Main-Image_080615.jpg',47),(77,'product48-logiq-s7-spotlight.jpg',48),(78,'product49-GEHC-Voluson-730_spotlight.jpg',49),(79,'product50-Optima_XR220amx_clinician_v2.jpg',50);
/*!40000 ALTER TABLE `product_images` ENABLE KEYS */;
UNLOCK TABLES;

--
-- Table structure for table `product_videos`
--

DROP TABLE IF EXISTS `product_videos`;
/*!40101 SET @saved_cs_client     = @@character_set_client */;
/*!40101 SET character_set_client = utf8 */;
CREATE TABLE `product_videos` (
  `id` int(11) NOT NULL AUTO_INCREMENT,
  `url` varchar(255) NOT NULL,
  `product_id` int(11) NOT NULL,
  PRIMARY KEY (`id`)
) ENGINE=InnoDB AUTO_INCREMENT=18 DEFAULT CHARSET=latin1;
/*!40101 SET character_set_client = @saved_cs_client */;

--
-- Dumping data for table `product_videos`
--

LOCK TABLES `product_videos` WRITE;
/*!40000 ALTER TABLE `product_videos` DISABLE KEYS */;
INSERT INTO `product_videos` VALUES (4,'https://www.youtube.com/watch?v=8ecRrdoqvuc',1),(5,'https://www.youtube.com/watch?v=Qhd9RxKoJcA',1),(6,'https://www.youtube.com/watch?v=WIQMLU_7ars',2),(7,'https://www.youtube.com/watch?v=9PQzgvuqEVs',2),(8,'https://www.youtube.com/watch?v=gaZ0BK1fA7M',3),(9,'https://www.youtube.com/watch?v=7aIvKBy6Frw',5),(10,'https://www.youtube.com/watch?v=mNOrlphDaf4',5),(11,'https://www.youtube.com/watch?v=d6XFe9aCxKI',6),(12,'https://www.youtube.com/watch?v=sJX1VIwMBVk',7),(13,'https://www.youtube.com/watch?v=XbKb3z28gCo',9),(14,'https://www.youtube.com/watch?v=Lz5sxR0nyW4',10),(15,'https://www.youtube.com/watch?v=FPD-Nrl33p8',12),(16,'https://www.youtube.com/watch?v=v8M9o5ylNzU',14),(17,'https://www.youtube.com/watch?v=xGk-0JXnPiQ',14);
/*!40000 ALTER TABLE `product_videos` ENABLE KEYS */;
UNLOCK TABLES;

--
-- Table structure for table `products`
--

DROP TABLE IF EXISTS `products`;
/*!40101 SET @saved_cs_client     = @@character_set_client */;
/*!40101 SET character_set_client = utf8 */;
CREATE TABLE `products` (
  `id` int(11) NOT NULL AUTO_INCREMENT,
  `product_name` varchar(255) NOT NULL,
  `first_category` tinyint(4) NOT NULL,
  `second_category` tinyint(4) NOT NULL,
  `overview` mediumtext,
  `benefits` mediumtext,
  `cases` mediumtext,
  `technology` mediumtext,
  `specification` mediumtext,
  `price` int(11) DEFAULT NULL,
  PRIMARY KEY (`id`)
) ENGINE=InnoDB AUTO_INCREMENT=51 DEFAULT CHARSET=latin1;
/*!40101 SET character_set_client = @saved_cs_client */;

--
-- Dumping data for table `products`
--

LOCK TABLES `products` WRITE;
/*!40000 ALTER TABLE `products` DISABLE KEYS */;
INSERT INTO `products` VALUES (1,'Lunar iDXA for Bone Health',2,5,'<p><span style=\"color: rgb(102, 102, 102);\">Research-grade analysis to help you manage your patients with confidence   </span><br/></p><p style=\"color: rgb(102, 102, 102);\">In your search for answers to a patient’s health concerns, information is everything. And Lunar iDXA* provides the data and images you need. Whether you’re assessing bone density, fracture risk, body composition, or pediatric development, Lunar iDXA gives you a clear glimpse inside the body.   </p><p style=\"color: rgb(102, 102, 102);\">Lunar iDXA offers research-grade image resolution and exacting precision, designed to provide you a high degree of clinical confidence across body types. Consider Lunar iDXA not only for today’s needs but also as an enduring platform for the future.</p><!--EndFragment--><p><br/></p><p><br/></p><p><br/></p><!--StartFragment--><p><img src=\"http://www3.gehealthcare.com/~/media/images/product/product-categories/bone-health/dxa/idxa-for-bone-health/gehc-idxa-for-bone-health_benefits.jpg?h=195&amp;la=en&amp;mw=462&amp;w=462\" alt=\"Male patient on the iDXA for Bone Health machine with clinician examining monitor\"/></p><!--EndFragment--><p><br/></p><p><br/></p><p><br/></p>','<h2 style=\"color: rgb(102, 102, 102);\">Lunar iDXA puts you on the cutting edge with these benefits:</h2><p style=\"color: rgb(102, 102, 102);\"><strong><b>CLARITY</b></strong></p><p style=\"color: rgb(102, 102, 102);\"><strong><b>Crisp, high-resolution images and precise measurements to help you diagnose with confidence</b></strong></p><p style=\"color: rgb(102, 102, 102);\">With GE’s direct-to-digital technology, Lunar iDXA provides extra-crisp images. In fact, it is comparable to radiographs in identifying and classifying vertebral deformities concerning etiology, grade, and shape, but with a lower dose than conventional X-ray. Lunar iDXA’s latest-generation DXA technology also delivers enhanced precision.  Greater precision provides the ability to detect small and statistically significant changes sooner, which can motivate patient compliance, guide treatment decisions, or reduce the sample size required for clinical trials.   </p><p style=\"color: rgb(102, 102, 102);\"><strong><b>VERSATILITY</b></strong></p><p style=\"color: rgb(102, 102, 102);\"><strong><b>A breadth of applications and features for a wide range of patients </b></strong></p><p style=\"color: rgb(102, 102, 102);\"><span>With a large scan window plus high weight limit and arm height, the Lunar iDXA comfortably accommodates many patient sizes and conditions.<span class=\"Apple-converted-space\"> </span></span>This is why Lunar iDXA with its long list of applications—from visceral fat measurement and pediatric assessment, to small animal scanning<span>—is chosen by leading, hospitals, clinics and physicians around the world.<br/><br/><!--StartFragment--><img src=\"http://www3.gehealthcare.com/~/media/images/product/product-categories/bone-health/dxa/idxa-for-bone-health/gehc-idxa-for-bone-health_overview.jpg?h=395&amp;la=en&amp;mw=462&amp;w=462\" alt=\"Male patient on the iDXA for Bone Health machine with clinician standing by\"/><!--EndFragment--><br/><br/></span></p><!--EndFragment--><p><br/></p><p><br/></p>','<p style=\"color: rgb(102, 102, 102);\"><strong><b>The DXA system you choose makes a difference</b></strong></p><p style=\"color: rgb(102, 102, 102);\">The DXA system you choose makes a difference – a difference that matters to our customers. Here’s what a few GE customers have said about how GE DXA systems help protect the vitality of their patients and their practice.<span class=\"Apple-converted-space\"> </span><br/><a href=\"http://www3.gehealthcare.com/~/media/documents/us-global/products/bone-health/brochures/dxa/lunar%20idxa%20for%20bone%20health/gehc-brochure-why_customers_choose_ge_dxa_systems.pdf\" class=\"document-link\" target=\"_blank\" style=\"color: rgb(8, 165, 225);\">Learn More.</a></p><!--EndFragment--><p><br/></p><p><br/></p>','<p><span style=\"color: rgb(102, 102, 102);\">The benefits of Lunar iDXA are supported by these innovative features:</span><br/></p><p style=\"color: rgb(102, 102, 102);width: 904px;\"><strong><b>CLARITY</b></strong></p><p style=\"color: rgb(102, 102, 102);width: 904px;\"><strong><b>High-resolution images and exacting precision through latest generation DXA technology from GE</b></strong></p><ul style=\"color: rgb(68, 68, 68);\"><li style=\"color: rgb(51, 51, 51);width: 854px;\">Research-grade image resolution helps provide a high degree of clinical confidence</li><li style=\"color: rgb(51, 51, 51);width: 854px;\">Enhanced ability to locate artifacts, identify areas of high density and identify bone edges for exceptional accuracy and reproducibility of BMD results</li><li style=\"color: rgb(51, 51, 51);width: 854px;\">Image quality comparable to radiographs helps you identify and classify vertebral deformities based on etiology, grade, and shape, but with a lower dose than conventional X-ray</li><li style=\"color: rgb(51, 51, 51);width: 854px;\">Greater precision assists in detecting small and statistically significant changes sooner, which can help motivate patient compliance, guide treatment decisions, or reduce the sample size required for clinical trials</li><li style=\"color: rgb(51, 51, 51);width: 854px;\">Narrow-angle fan beam technology with Multi-View Image Reconstruction (MVIR) eliminates magnification errors</li><li style=\"color: rgb(51, 51, 51);width: 854px;\">Direct-to-digital detector with a staggered array eliminates dead spots while helping to more accurately identify region-of-interest boundaries</li></ul><p style=\"color: rgb(102, 102, 102);width: 904px;\"><strong><b>VERSATILITY</b></strong></p><p style=\"color: rgb(102, 102, 102);width: 904px;\"><strong><b>Product features that accommodate a large number of patient sizes and conditions</b></strong></p><ul style=\"color: rgb(68, 68, 68);\"><li style=\"color: rgb(51, 51, 51);width: 854px;\">A large scan window and high arm height accommodate patients up to 450 lbs</li><li style=\"color: rgb(51, 51, 51);width: 854px;\">Full suite of bone health applications including BMD, vertebral fracture assessment, pediatrics, orthopedics and more</li><li style=\"color: rgb(51, 51, 51);width: 854px;\">Body composition analysis including visceral fat quantification</li></ul><!--EndFragment--><p><br/></p><p><br/></p>','<p><span style=\"color: rgb(102, 102, 102);\">View scanner dimensions, software features, minimum room dimensions, and other detailed specifications in the following iDXA models:   </span><br/></p><ul style=\"color: rgb(68, 68, 68);\"><li style=\"color: rgb(51, 51, 51);width: 854px;\"><strong><b>iDXA with Advance Package</b></strong><span class=\"Apple-converted-space\"> </span>offers the full spectrum of skeletal and metabolic health applications. Download<span class=\"Apple-converted-space\"> </span><a href=\"http://www3.gehealthcare.com/~/media/documents/us-global/products/bone-health/brochures/dxa/lunar%20idxa%20for%20bone%20health/gehealthcare-idxa-advance-package-productspec.pdf\" class=\"document-link\" target=\"_blank\" style=\"color: rgb(8, 165, 225);\">Lunar iDXA with Advance Package Spec Sheet</a> (PDF).</li><li style=\"color: rgb(51, 51, 51);width: 854px;\"><strong><b>iDXA with Pro Package</b></strong><span class=\"Apple-converted-space\"> </span>provides proven skeletal features, with additional applications available as options. Download<span class=\"Apple-converted-space\"> </span><a href=\"http://www3.gehealthcare.com/~/media/documents/us-global/products/bone-health/brochures/dxa/lunar%20idxa%20for%20bone%20health/gehealthcare-idxa-pro-package-productspec.pdf\" target=\"_blank\" class=\"document-link\" style=\"color: rgb(8, 165, 225);\">Lunar iDXA with Pro Package Spec Sheet</a> (PDF).</li></ul><!--EndFragment--><p><br/></p><p><br/></p>',60000),(2,'DPX Bravo',2,5,'<h2 style=\"color: rgb(102, 102, 102);\"><strong><b>A compact unit that offers essential features</b></strong></h2><p style=\"color: rgb(102, 102, 102);\">Space restrictions in hospitals or private offices exclude many physicians from performing central bone density measurements for accurate osteoporosis and fracture-risk assessment. The DPX* Bravo overcomes that obstacle by offering you proven dual-energy X-ray absorptiometry (DXA) technology in a small, space-saving footprint. It also provides you with essential, bone densitometry applications, such as AP spine, dual femur and forearm. Furthermore, it features the WHO FRAX fracture-risk assessment tool, which allows you to accurately predict the 10-year probability of a patient suffering a major fracture.</p><p style=\"color: rgb(102, 102, 102);\"><br/><br/><!--StartFragment--><img src=\"http://www3.gehealthcare.com/~/media/images/product/product-categories/bone-health/dxa/lunar-dpx-bravo/dpx_bravo_clinicianandpatient.jpg?h=260&amp;la=en&amp;mw=462&amp;w=462\" alt=\"DPX Bravo.\"/><!--EndFragment--><br/><br/><br/></p><!--EndFragment--><p><br/></p><p><br/></p>','<h2 style=\"color: rgb(102, 102, 102);\"><strong><b>The DPX Bravo offers your practice the following benefits:</b></strong></h2><p style=\"color: rgb(102, 102, 102);width: 904px;\"><strong><b>COMPACT</b></strong></p><p style=\"color: rgb(102, 102, 102);width: 904px;\"><strong><b></b></strong></p><p style=\"color: rgb(102, 102, 102);width: 904px;\"><strong><b>When you can’t afford to give up an exam room</b></strong></p><p style=\"color: rgb(102, 102, 102);width: 904px;\">A small footprint makes the DPX Bravo a good fit for space-restricted offices and hospital rooms. A swing arm allows easy access for your patients, and enables you to use the table for other exam purposes.</p><p style=\"color: rgb(102, 102, 102);width: 904px;\"><strong><b>ESSENTIAL</b></strong></p><p style=\"color: rgb(102, 102, 102);width: 904px;\"><strong><b></b></strong></p><p style=\"color: rgb(102, 102, 102);width: 904px;\"><strong><b>Proven osteoporosis assessment</b></strong></p><p style=\"color: rgb(102, 102, 102);width: 904px;\">The DPX Bravo provides you with proven tools for basic bone health assessment. Independent studies<sup>1,2,3</sup><span class=\"Apple-converted-space\"> </span>show that the DPX Bravo densitometer produces results with little precision error—a key to quickly detecting small changes in bone. This helps you confidently and efficiently diagnose osteoporosis and assess fracture risk.</p><p style=\"color: rgb(102, 102, 102);width: 904px;\"><br/></p><p><span style=\"color: rgb(68, 68, 68);float: none;background-color: rgb(255, 255, 255);\">REFERENCES</span></p><p><br style=\"color: rgb(68, 68, 68);background-color: rgb(255, 255, 255);\"/></p><ol style=\"color: rgb(68, 68, 68);\"><li style=\"color: rgb(51, 51, 51);width: 854px;\">L Del Rio, S Di Gregorio, J Rosales (2004). Performance evaluation of a compact DXA system: the Lunar Bravo. Osteoporos Int 15    (Suppl 1): S45. MC Schoeller, C Simonelli (2004). Precision and accuracy of the Bravo, a compact bone densitometer. J Clin Densitom   7:229  </li><li style=\"color: rgb(51, 51, 51);width: 854px;\">SB Broy, LG Jankowsi (2003). Performance evaluation of a new DXA system: the Lunar Bravo. J Bone Miner Res Vol. 18 (Suppl 2): S316 </li><li style=\"color: rgb(51, 51, 51);width: 854px;\">RH Nord, HS Barden, S Krepanith, KG Faulkner. 2003 Precision and accuracy of the GE Lunar DPX Bravo bone densitometer. J Bone Miner Res Vol. 18 (Suppl 2): S204.</li></ol><!--EndFragment--><p><br/></p><p><br/></p>',NULL,'<h2 style=\"color: rgb(102, 102, 102);\">The DPX Bravo technology is backed by the following features:</h2><p style=\"color: rgb(102, 102, 102);width: 904px;\"><strong><b>COMPACT</b></strong></p><p style=\"color: rgb(102, 102, 102);width: 904px;\"><strong><b>In-office osteoporosis testing requiring minimal operating space</b></strong></p><ul style=\"color: rgb(68, 68, 68);\"><li style=\"color: rgb(51, 51, 51);width: 854px;\">Small footprint—74 inches (1.86 meters) long by 34 inches (0.86 meters) wide </li><li style=\"color: rgb(51, 51, 51);width: 854px;\">Swing arm providing easy access for your patients, becoming an examination table for regular patient visits</li></ul><p style=\"color: rgb(102, 102, 102);width: 904px;\"><strong><b>ESSENTIAL</b></strong></p><p style=\"color: rgb(102, 102, 102);width: 904px;\"><strong><b>The osteoporosis assessment tools you need</b></strong></p><ul style=\"color: rgb(68, 68, 68);\"><li style=\"color: rgb(51, 51, 51);width: 854px;\">OneScan: Performs AP Spine and DualFemur exams without requiring patient repositioning between scans</li><li style=\"color: rgb(51, 51, 51);width: 854px;\">DualFemur: Automatically scans both femurs in one seamless acquisition—without patient repositioning</li><li style=\"color: rgb(51, 51, 51);width: 854px;\">ScanCheck: Automatically identifies potential acquisition and analysis errors</li><li style=\"color: rgb(51, 51, 51);width: 854px;\">FRAX: Fracture risk assessment from the World Health Organization</li><li style=\"color: rgb(51, 51, 51);width: 854px;\">Extensive reference data: With more than 12,000 USA/Northern European subjects, as well as NHANES and numerous regional databases</li></ul><!--EndFragment--><p><br/></p><p><br/></p>','<h2 style=\"color: rgb(102, 102, 102);\">View scanner dimensions, software features, minimum room dimensions, and other detailed specifications.</h2><p style=\"color: rgb(102, 102, 102);width: 904px;\">Download the<span class=\"Apple-converted-space\"> </span><a href=\"http://www3.gehealthcare.com/~/media/documents/us-global/products/bone-health/brochures/dxa/dpx%20bravo/gehealthcare-brochure_dpx-bravo.pdf\" class=\"document-link\" target=\"_blank\" style=\"color: rgb(8, 165, 225);\">DPX Bravo Brochure</a>  (PDF).</p><!--EndFragment--><p><br/></p><p><br/></p>',55000),(3,'SIGNA PET/MR',3,6,'<p><br/></p><p><br/></p><!--StartFragment--><h1 style=\"color: rgb(68, 68, 68);\">Shatter diagnostic boundaries</h1><h2 style=\"color: rgb(102, 102, 102);\">The SIGNA* PET/MR combines the power of 3.0T with the next generation of PET technology.</h2><p style=\"color: rgb(102, 102, 102);width: 904px;\">The innovative SIGNA PET/MR features 3.0T magnetic resonance (MR) technology integrated with GE’s latest positron emission tomography (PET) technology. The simultaneous acquisition of PET and MR data enables new opportunities for clinicians. MR is excellent for imaging soft tissue as well as functional and morphological details. PET enables clinicians to visualize cellular activity and metabolism.</p><p style=\"color: rgb(102, 102, 102);width: 904px;\">When you combine these two innovative tools, clinicians may be able to see early cellular changes before any anatomical changes could be observed and can then fuse the anatomical images and active biochemistry data together to pinpoint the area of abnormal cell growth. </p><p style=\"color: rgb(102, 102, 102);width: 904px;\"><br/><br/><!--StartFragment--><img src=\"http://www3.gehealthcare.com/~/media/images/product/product-categories/pet-mr/signa-pet_mr_scanner-front-view-usa.jpg?la=en\"/><!--EndFragment--><br/><br/><br/></p><!--EndFragment--><p><br/></p><p><br/></p>','<h1 style=\"color: rgb(68, 68, 68);\">Turbocharge your diagnostic capabilities</h1><h2 style=\"color: rgb(102, 102, 102);\">The SIGNA* PET/MR features GE’s digital MR compatible silicon photomultiplier detector (SiPM) technology.</h2><p style=\"color: rgb(102, 102, 102);width: 904px;\">This new SiPM detector is characterized by it’s excellent timing resolution enabling Turbo time-of-flight (TurboTOF) reconstruction. A 25 mm depth LBS scintillator and 25 cm FOV provides exceptional sensitivity at 21cps/kBq.<sup></sup></p><p style=\"color: rgb(102, 102, 102);width: 904px;\">The SIGNA PET/MR is designed to include active and passive thermal control, providing stability improving the diagnostic capabilities for the most demanding protocols and list-mode access to PET data for research.</p><!--EndFragment--><p><br/></p><p><br/></p>',NULL,'<h1 style=\"color: rgb(68, 68, 68);\">Surpass traditional norms of quantitative reliability                                                         </h1><p style=\"color: rgb(102, 102, 102);width: 904px;\"><strong><b>SilentScan</b></strong><span class=\"Apple-converted-space\"> </span>- a comprehensive set of sequences designed to generate high-resolution images with T1, T2, T2 FLAIR, PD-weighted and MRA contrast with sound levels that are within 3dB of ambient conditions<br/><br/><strong><b>Magnet</b></strong><span class=\"Apple-converted-space\"> </span>- utilizes the newest 3.0T magnet that offers a 50cm FOV with excellent homogeneity for excellent coverage and quality<br/><br/><strong><b>MR RF Coils<span class=\"Apple-converted-space\"> </span></b></strong>- the system includes PET characterized RF coils that have been calibrated and attenuation corrected for during PET/MR whole body simultaneous scanning. The GEM Suite of flexible coils are designed for MR imaging of smaller structures and patient comfort<br/><br/><strong><b>OpTix Optical RF<span class=\"Apple-converted-space\"> </span></b></strong>- offers high channel count, analog to digital-optical signal conversion where it matters - inside the scan room to minimize noise and signal degradation, but away from the patient<br/><br/><strong><b>Gradients<span class=\"Apple-converted-space\"> </span></b></strong>- and RF body coils are water and air-cooled for optimum duty-cycle performance, short repetition time (TR) and echo time (TE), producing sharp and clear images</p><p><strong style=\"color: rgb(68, 68, 68);\"><b></b></strong></p><p style=\"color: rgb(102, 102, 102);width: 904px;\"><strong><b>SharpIR</b></strong><span class=\"Apple-converted-space\"> </span>– an advanced in PET reconstruction that enhances visual contrast and resolution in PET images<br/><strong><b></b></strong></p><p style=\"color: rgb(102, 102, 102);width: 904px;\"><strong><b></b></strong></p><p style=\"color: rgb(102, 102, 102);width: 904px;\"><strong><b>PET Detector </b></strong>- a highly sensitive silicon photomultiplier tube (SiPM) is complimented with a 25mm deep LBS scintillator/crystal for photon detection efficiency. This includes the specifications listed below:</p><ul><li style=\"color: rgb(51, 51, 51);width: 854px;\">&lt; 400ps timing resolution for fast TOF performance</li><li style=\"color: rgb(51, 51, 51);width: 854px;\">25cm axial FOV for sensitivity and coverage</li><li style=\"color: rgb(51, 51, 51);width: 854px;\">21cps/kBq for exceptional sensitivit</li></ul><!--EndFragment--><p><br/></p><p><br/></p>','<h1 style=\"color: rgb(68, 68, 68);\">Reimagine the benchmarks for clinical flexibility and patient comfort</h1><h2 style=\"color: rgb(102, 102, 102);\"></h2><h2 style=\"color: rgb(102, 102, 102);\">System Design - SIGNA* PET/MR is the first integrated, simultaneous and time of flight capable whole-body scanner.</h2><ul style=\"color: rgb(68, 68, 68);\"><li style=\"color: rgb(51, 51, 51);width: 854px;\"><strong><b>60 cm Patient Bore</b></strong><span class=\"Apple-converted-space\"> </span>- with capabilities of scanning PET and MR simultaneously, potentially reducing multiple exams for patients</li><li style=\"color: rgb(51, 51, 51);width: 854px;\"><strong><b>High Resolution in-Room Operator Control (iROC)<span class=\"Apple-converted-space\"> </span></b></strong>- Fast exam set-up with high-resolution color console mounted on the front of the magnet. Easy to see patient system and scan information, and control and select parameters in real time right in the room.</li><li style=\"color: rgb(51, 51, 51);width: 854px;\"><strong><b>Sleek dual-sided controls</b></strong><span class=\"Apple-converted-space\"> </span>- Control the scanner from either side of the table. Simplify patient set-up with easy access to cardiac or peripheral gating leads and IV lines.</li><li style=\"color: rgb(51, 51, 51);width: 854px;\"><strong><b>IntelliTouch Patient Positioning</b></strong><span class=\"Apple-converted-space\"> </span>- Boost exam productivity with IntelliTouch patient positioning, by eliminating the need for laser alignment and reducing the steps to position patients in as little as 30 seconds.</li><li style=\"color: rgb(51, 51, 51);width: 854px;\"><strong><b>Sophisticated LED accent lights</b></strong><span class=\"Apple-converted-space\"> </span>- The parenthesis accent lights on the sides of the SIGNA PET/MR not only enhance the overall aesthetic beauty of the system they express the &#34;caring hands&#34; metaphor of embracing the patient in a comfortable experience.</li></ul><p style=\"color: rgb(102, 102, 102);width: 904px;\"><strong><b>The SIGNA PET/MR<span class=\"Apple-converted-space\"> </span></b></strong>is designed to preserve exceptional gradient performance and to perform multinuclear spectroscopy while offering advanced MR applications, such as SilentScan, MAVRIC SL, PROPELLER, 3D PROMO, FOCUS, and other DV24.0 Continuum* Pak advanced applications.</p><!--EndFragment--><p><br/></p><p><br/></p>',106000),(4,'Discovery MR750w 3.0T',3,6,'<h2 style=\"color: rgb(102, 102, 102);\">The Discovery MR750w 3.0T combines a caring design with insightful technology to meet the needs of both clinicians and patients.</h2><p style=\"color: rgb(102, 102, 102);\">We\'ve integrated the power of 3.0T with a 70cm wide bore that patients deserve. And that\'s just the beginning.</p><p style=\"color: rgb(102, 102, 102);\">Innovative technological developments—including MultiDrive RF Transmit, Optical RF, a 50 cm usable FOV and high-performance gradients—have all been designed with the human element in mind, delivering a welcoming experience, high performance and exceptional versatility.</p><p style=\"color: rgb(102, 102, 102);\"><br/><br/><!--StartFragment--><img src=\"http://www3.gehealthcare.com/~/media/images/product/product-categories/magnetic-resonance-imaging/discovery-mr750w-3-0t/discovery_mr_750w_3-0t_product_benefits.jpg?h=260&amp;la=en&amp;mw=462&amp;w=462\" alt=\"Clinician and patient with Discovery MR750w.\"/><!--EndFragment--><br/><br/><br/></p><!--EndFragment--><p><br/></p><p><br/></p>','<h2 style=\"color: rgb(102, 102, 102);\">See how the Discovery MR750w gives you the experience you deserve, the performance you desire and the versatility you demand.</h2><p style=\"color: rgb(102, 102, 102);\">Its full 3.0T magnet and 70 cm bore work together to generate extraordinary image quality without compromises. The result for clinicians is new levels of diagnostic performance.</p><p style=\"color: rgb(102, 102, 102);\">Patients benefit from a more comfortable scan experience. Beyond the widened bore and soft, flexible coils, the table surface has been completely re-designed to help alleviate pressure points for a more relaxing exam.</p><p style=\"color: rgb(102, 102, 102);\">Technologists benefit from an ergonomically-friendly interface that mimics the same consumer-designed devices they use every day, allowing them to focus their attention where it belongs—on their patients.</p><p style=\"color: rgb(102, 102, 102);\"><br/><br/><!--StartFragment--><img src=\"http://www3.gehealthcare.com/~/media/images/product/product-categories/magnetic-resonance-imaging/discovery-mr750w-3-0t/discovery_mr_750w_3-0t_product_overview.jpg?h=260&amp;la=en&amp;mw=462&amp;w=462\" alt=\"The Discovery MR750w 3.0T, front view of product.\"/><!--EndFragment--><br/><br/><br/></p><!--EndFragment--><p><br/></p><p><br/></p>','<h2 style=\"color: rgb(102, 102, 102);\">Insightful Technology. Thoughtfully Built.</h2><p style=\"color: rgb(102, 102, 102);\"><strong><b>Magnet</b></strong><span class=\"Apple-converted-space\"> </span>A new, light-weight magnet with a compact footprint that supports a 70 cm patient gantry and offers a large 50 x 50 x 50 cm useable field of view with excellent homogeneity for uncompromised coverage and quality.</p><p style=\"color: rgb(102, 102, 102);\"><strong><b>MultiDrive RF Transmit<span class=\"Apple-converted-space\"> </span></b></strong>Fully automated and independent RF pulse amplitude and phase control produce consistently clear 3.0T images.</p><p style=\"color: rgb(102, 102, 102);\"><strong><b>OpTix Optical RF</b></strong><span class=\"Apple-converted-space\"> </span>offers high channel count, analog to digital-optical signal conversion where it matters—inside the scan room to minimize noise and signal degradation, but away from the patient.</p><p style=\"color: rgb(102, 102, 102);\"><strong><b>A large usable field of view</b></strong><span class=\"Apple-converted-space\"> </span>is needed to properly image off-center anatomy such as a shoulder or hip. So the Discovery* MR750w features a 70 cm flared, open bore design with a large 50 x 50 x 50 cm field of view.</p><p style=\"color: rgb(102, 102, 102);\"><strong><b>Gradients</b></strong><span class=\"Apple-converted-space\"> </span>and RF body coils are water and air-cooled for optimum duty-cycle performance, short repetition time (TR) and echo time (TE), producing sharp and clear images.</p><p style=\"color: rgb(102, 102, 102);\"><strong><b>The GEM Suite of flexible coils</b></strong><span class=\"Apple-converted-space\"> </span>embrace the patient, bringing both function and comfort while helping to minimize anxiety and motion during the exam.</p><p style=\"color: rgb(102, 102, 102);\"><strong><b>Intuitive applications<span class=\"Apple-converted-space\"> </span></b></strong>help clinicians utilize the full potential of 3.0T MR imaging.</p><p style=\"color: rgb(102, 102, 102);\"><br/><br/><!--StartFragment--><img src=\"http://www3.gehealthcare.com/~/media/images/product/product-categories/magnetic-resonance-imaging/discovery-mr750w-3-0t/discovery_mr_750w_3-0t_product_technology.jpg?h=260&amp;la=en&amp;mw=462&amp;w=462\" alt=\"The Discovery MR750w controls.\"/><!--EndFragment--><br/><br/><br/></p><!--EndFragment--><p><br/></p><p><br/></p>',NULL,NULL,132000),(5,'Discovery IQ',4,7,'<h2 style=\"color: rgb(102, 102, 102);\">When designing the next PET/CT, WE AIMED TO HELP YOU...</h2><ul style=\"color: rgb(68, 68, 68);\"><li style=\"color: rgb(51, 51, 51);width: 854px;\">Grow your patient services</li><li style=\"color: rgb(51, 51, 51);width: 854px;\">See smaller lesions, with more confidence and lower dose<img alt=\"GE Healthcare Discovery IQ PET/CT. Image Quality. Intelligent Quantitation.\" src=\"http://www3.gehealthcare.com/~/media/images/product/product-categories/pet-ct/discovery%20iq/gehc-discovery-iq_overview_product_shot.jpg?h=337&amp;la=en&amp;w=450\" style=\"width: 450px;float: right;height: 337px;\"/></li><li style=\"color: rgb(51, 51, 51);width: 854px;\">Scan faster and read more efficiently</li></ul><h2 style=\"color: rgb(102, 102, 102);\">Introducing Discovery* IQ<br/>Image Quality. Intelligent Quantitation.</h2><p style=\"color: rgb(102, 102, 102);width: 904px;\">Healthcare providers require great image quality and consistent quantitation. You cannot be expected to prioritize one of these before the other. Complete information is required. Critical information your patients depend upon every day.</p><p style=\"color: rgb(102, 102, 102);width: 904px;\">GE Healthcare’s latest PET/CT innovation delivers both excellent image quality and consistent quantitation, without compromise. Discovery IQ is equipped to provide what you need to help with your primary mission – delivering the best possible patient outcomes.</p><!--EndFragment--><p><br/></p><p><br/></p>','<h2 style=\"color: rgb(102, 102, 102);\">For the first time in PET reconstruction, no trade-off between excellent image quality and consistent, quantitative SUV measurements to assist in earlier determination of how well your treatment plan is working.</h2><p style=\"color: rgb(102, 102, 102);width: 904px;\">Q.Clear, pioneering full-convergence reconstruction technology, enables fast and efficient reading for greater confidence in evaluating a patient’s response to treatment. It provides up to 2x improvement in both PET quantitation accuracy (SUV<sub>mean</sub>) and image quality (SNR).</p><!--EndFragment--><p><br/></p><p><br/></p>','<h2 style=\"color: rgb(102, 102, 102);\">½ THE TIME AND ½ THE DOSE<sup>1</sup></h2><p style=\"color: rgb(102, 102, 102);width: 904px;\">&#11;Reconstruction: Q.Clear<span class=\"Apple-converted-space\"> </span><br/>Acquisition time: 10 minutes (2 minutes / bed)<span class=\"Apple-converted-space\"> </span><br/>Injected Dose: 1.8 mCi (99.28 MBq) of <sup>18</sup>F-FDG<span class=\"Apple-converted-space\"> </span><br/>Patient BMI: 19</p><p style=\"color: rgb(102, 102, 102);width: 904px;\"><br/><br/><!--StartFragment--><strong style=\"color: rgb(102, 102, 102);\"><b><sup>18</sup>F-FDG MIP PET View                                  <strong style=\"color: rgb(102, 102, 102);\"><b><sup>18</sup>F-FDG Coronal PET View                  <strong style=\"color: rgb(102, 102, 102);\"><b>Top:<span class=\"Apple-converted-space\"> </span><sup>18</sup>F-FDG Axial PET/CT Fused<br/>Bottom: Axial CT View</b></strong></b></strong><br/></b></strong><br/><!--StartFragment--><img src=\"http://www3.gehealthcare.com/~/media/images/product/product-categories/pet-ct/discovery%20iq/clinical%20cases/case%201/gehc-discovery-iq-clinical-case-1_18f-fdg%20mip%20pet%20view.jpg?h=400&amp;la=en&amp;w=181\"/>                            <img src=\"http://www3.gehealthcare.com/~/media/images/product/product-categories/pet-ct/discovery%20iq/clinical%20cases/case%201/gehc-discovery-iq-clinical-case-1_18f-fdg%20coronal%20pet%20view.jpg?h=400&amp;la=en&amp;w=176\"/>          <img src=\"http://www3.gehealthcare.com/~/media/images/product/product-categories/pet-ct/discovery%20iq/clinical%20cases/case%201/gehc-discovery-iq-clinical-case-1_18f-fdg%20axial%20pet-ct%20fused%20and%20axial%20ct%20views.jpg?h=400&amp;la=en&amp;w=361\"/><!--EndFragment--><br/><br/><br/><br/><br/><br/><!--EndFragment--><br/><br/><br/></p><!--EndFragment--><p><br/></p><p><br/></p>','<h2 style=\"color: rgb(102, 102, 102);\">Discovery* IQ, built as a mobile-ready PET/CT platform, features a NEW system design featuring a scalable PET detector ring and GE’s Optima* CT540.</h2><p style=\"color: rgb(102, 102, 102);width: 904px;\">This system is designed to be the most adaptable and accessible PET/CT scanner anywhere enabling improved healthcare for more people in more places.</p><p><img src=\"http://www3.gehealthcare.com/~/media/images/product/product-categories/pet-ct/discovery%20iq/gehc-discovery_iq-product-shot_front.jpg?h=315&amp;la=en&amp;w=412\" alt=\"GE Healthcare Discovery IQ\" style=\"color: rgb(68, 68, 68);width: 412px;float: right;height: 315px;\"/></p><h2 style=\"color: rgb(102, 102, 102);\">Scalable PET Detector Ring</h2><p style=\"color: rgb(102, 102, 102);width: 904px;\">Built to optimize clinical performance </p><ul style=\"color: rgb(68, 68, 68);\"><li style=\"color: rgb(51, 51, 51);width: 854px;\">Delivering technologies to help you with your everyday mission – providing the best possible patient outcomes</li></ul><p style=\"color: rgb(102, 102, 102);width: 904px;\">Investment protection </p><ul style=\"color: rgb(68, 68, 68);\"><li style=\"color: rgb(51, 51, 51);width: 854px;\">Built for today, ready for tomorrow with the Discovery IQ upgradable platform that grows with your department needs</li></ul><p style=\"color: rgb(102, 102, 102);width: 904px;\">Versatile platform</p><ul style=\"color: rgb(68, 68, 68);\"><li style=\"color: rgb(51, 51, 51);width: 854px;\">Provides solutions for all clinical environments from the first-time PET/CT user to high-volume and clinical research departments</li></ul><h2 style=\"color: rgb(102, 102, 102);\">Mobile-ready platform</h2><p style=\"color: rgb(102, 102, 102);width: 904px;\">Providing greater access to more patients in more places</p><ul style=\"color: rgb(68, 68, 68);\"><li style=\"color: rgb(51, 51, 51);width: 854px;\">Opportunity for imaging departments to gradually expand clinical services</li></ul><h2 style=\"color: rgb(102, 102, 102);\">Optima CT540</h2><p style=\"color: rgb(102, 102, 102);width: 904px;\"><span>Excellent signal management</span></p><ul style=\"color: rgb(68, 68, 68);\"><li style=\"color: rgb(51, 51, 51);width: 854px;\">Outstanding image quality in signal starved areas (shoulder, hip, large patients, metal)</li></ul><p style=\"color: rgb(102, 102, 102);width: 904px;\">Coverage and speed</p><ul style=\"color: rgb(68, 68, 68);\"><li style=\"color: rgb(51, 51, 51);width: 854px;\">20 mm coverage for fast exams and short breath-holds</li></ul><p style=\"color: rgb(102, 102, 102);width: 904px;\">Low dose and fast scanning </p><ul style=\"color: rgb(68, 68, 68);\"><li style=\"color: rgb(51, 51, 51);width: 854px;\">ASiR* reconstruction<sup>1</sup></li><li style=\"color: rgb(51, 51, 51);width: 854px;\">50-slice equivalent CT speed with IQE<sup>2</sup><span class=\"Apple-converted-space\"> </span>1.75 pitch booster </li><li style=\"color: rgb(51, 51, 51);width: 854px;\">0.5-second rotation speed</li></ul><p style=\"color: rgb(102, 102, 102);width: 904px;\"><span></span></p><p style=\"color: rgb(102, 102, 102);width: 904px;\"><span>1. ASiR is an optional feature in the Discovery IQ. In clinical practice, the use of ASiR may reduce CT patient dose depending on the clinical task, patient size, anatomical location and clinical practice. A consultation with a radiologist and a physicist should be made to determine the appropriate dose to obtain diagnostic image quality for the particular clinical task.</span><br/><span>2. Image quality as defined by an Artifact Index in Phantom testing.</span></p><!--EndFragment--><p><br/></p><p><br/></p>','<h2 style=\"color: rgb(102, 102, 102);\">The NEW GE LightBurst PET detector technology delivers the highest sensitivity<sup>1</sup><span class=\"Apple-converted-space\"> </span>of any PET/CT anywhere enabling excellent image quality with fast scans at low doses for greater patient comfort and care.</h2><p><img src=\"http://www3.gehealthcare.com/~/media/images/product/product-categories/pet-ct/discovery%20iq/gehc-discovery_iq-pet-dector.jpg?h=400&amp;la=en&amp;w=361\" alt=\"GE Healthcare Discovery IQ PET Detector\" style=\"color: rgb(68, 68, 68);width: 361px;float: right;height: 400px;\"/></p><p style=\"color: rgb(102, 102, 102);width: 904px;\">Highest NEMA Sensitivity in the Industry<sup>1</sup></p><ul style=\"color: rgb(68, 68, 68);\"><li style=\"color: rgb(51, 51, 51);width: 854px;\">Provides up to 22 cps/kBq</li><li style=\"color: rgb(51, 51, 51);width: 854px;\">Enables very fast acquisition times</li><li style=\"color: rgb(51, 51, 51);width: 854px;\">Allows for low dose scans </li><li style=\"color: rgb(51, 51, 51);width: 854px;\">Can image with both 1/2 the PET dose and 1/2 the scan time<sup>2</sup></li><li style=\"color: rgb(51, 51, 51);width: 854px;\">Delivers outstanding image quality for small lesion detectability</li></ul><p style=\"color: rgb(102, 102, 102);width: 904px;\">Largest Axial Field-of-View Coverage in the Industry<sup>1</sup></p><ul style=\"color: rgb(68, 68, 68);\"><li style=\"color: rgb(51, 51, 51);width: 854px;\">Provides up to 26 cm of coverage</li><li style=\"color: rgb(51, 51, 51);width: 854px;\">Enables scanning in the fewest possible bed positions</li><li style=\"color: rgb(51, 51, 51);width: 854px;\">Scans full organ, such as thorax respiratory MotionFree study as fast as 4 minutes </li><li style=\"color: rgb(51, 51, 51);width: 854px;\">Allows for greater throughput/workflow efficiencies for your clinic</li></ul><p style=\"color: rgb(102, 102, 102);width: 904px;\">Highest Clinical Noise-Equivalent-Count-Rate (NECR) for clinical<span class=\"Apple-converted-space\"> </span><sup>18</sup>F acquisition in the Industry<sup>1</sup></p><ul style=\"color: rgb(68, 68, 68);\"><li style=\"color: rgb(51, 51, 51);width: 854px;\">Optimized for oncology practices administering<span class=\"Apple-converted-space\"> </span><sup>18</sup>F as done in 94% of procedures<sup>3</sup> </li><li style=\"color: rgb(51, 51, 51);width: 854px;\">Up to 75 kcps @ 2.4 kBq/mL<sup>4</sup> </li><li style=\"color: rgb(51, 51, 51);width: 854px;\">Delivers high NECR for both low- and high-count rate radioisotopes such as<span class=\"Apple-converted-space\"> </span><sup>68</sup>Ga,<span class=\"Apple-converted-space\"> </span><sup>11</sup>C,<span class=\"Apple-converted-space\"> </span><sup>82</sup>Rb and more</li></ul><p style=\"color: rgb(102, 102, 102);width: 904px;\"><img alt=\"\" src=\"http://www3.gehealthcare.com/~/media/images/product/product-categories/pet-ct/discovery%20iq/gehc-discovery-iq_pet-detector_necr-curve-graph.png?h=394&amp;w=700\" style=\"width: 700px;height: 394px;\"/></p><p style=\"color: rgb(102, 102, 102);width: 904px;\">Fast Electronics with Dual Acquisition Channels </p><ul style=\"color: rgb(68, 68, 68);\"><li style=\"color: rgb(51, 51, 51);width: 854px;\">Delivers high quantitative accuracy, post NECR peak, even with high-count rate radioisotopes (e.g.,<span class=\"Apple-converted-space\"> </span><sup>82</sup>Rb) where noise typically has a negative impact</li><li style=\"color: rgb(51, 51, 51);width: 854px;\">+/- 3.5% up to 22 kBq/mL</li></ul><p style=\"color: rgb(102, 102, 102);width: 904px;\"><span><br/></span></p><p style=\"color: rgb(102, 102, 102);width: 904px;\"><span>1. Comparing Discovery IQ 5-Ring to other PET/CT scanners reported in ITN online comparison charts (April 2014).<br/>2. Comparing Discovery IQ 4-Ring to a Discovery IQ 3-Ring.<br/>3. IMV PET 2012 Imaging Mkt. Sum. Rpt.<br/>4. At the typical activity concentration for FDG of 2.4 kBq/mL for Discovery IQ 5-Ring.</span></p><!--EndFragment--><p><br/></p><p><br/></p>',88000),(6,'Discovery PET/CT 710',4,7,'<p><span style=\"color: rgb(102, 102, 102);float: none;background-color: rgb(255, 255, 255);\">As a healthcare provider, you are focused on finding the most effective treatment, based on each patient’s response. GE Healthcare is providing you the tools to help make this goal a reality with the Discovery* PET/CT 710 and Q.Suite. The entirely new PET/CT scanner and breakthrough tools for quantitative PET assist you in making appropriate treatment decision for individual patients.</span><!--EndFragment--><br/><br/><br/></p>','<p style=\"color: rgb(102, 102, 102);width: 904px;\"><strong><b>Breakthrough tools for quantitative PET</b></strong></p><p style=\"color: rgb(102, 102, 102);width: 904px;\">With so much potential for variation, each part of the workflow must be addressed for quantitative PET to be effective. With Q.Suite, new capabilities from GE Healthcare work together to drive quantitative consistency.</p><p style=\"color: rgb(102, 102, 102);width: 904px;\">Q.Suite can help physcians assess therapy response early and effectively, allowing oncologists to modify treatment strategies without waiting for physical results.  Effective therapy may help improve the patient’s quality of life and overall outcome as well as reduce the cost burden of ineffective treatment.</p><h3 style=\"color: rgb(102, 102, 102);\">Daily quality control</h3><ul style=\"color: rgb(68, 68, 68);\"><li style=\"color: rgb(51, 51, 51);width: 854px;\">Count-Rate independent performance: Great performance at any count rate.</li><li style=\"color: rgb(51, 51, 51);width: 854px;\">Real-Time Temperature Compensation: Consistent performance. Every exam. Every temperature.</li></ul><h3 style=\"color: rgb(102, 102, 102);\">Workflow</h3><ul style=\"color: rgb(68, 68, 68);\"><li style=\"color: rgb(51, 51, 51);width: 854px;\">Q.Core: Accelearting your quantitative imaging workflow.</li><li style=\"color: rgb(51, 51, 51);width: 854px;\">Q.Check: A quality control link between the scanner and the workstation.</li></ul><h3 style=\"color: rgb(102, 102, 102);\">Motion correction</h3><ul style=\"color: rgb(68, 68, 68);\"><li style=\"color: rgb(51, 51, 51);width: 854px;\">Q.Static: Reducing open motion effects quickly and simply.</li></ul><h3 style=\"color: rgb(102, 102, 102);\">Reconstruction algorithm</h3><ul style=\"color: rgb(68, 68, 68);\"><li style=\"color: rgb(51, 51, 51);width: 854px;\">Q.AC: Attenuation consistency for demanding protocols such as Cine CTAC.</li></ul><h3 style=\"color: rgb(102, 102, 102);\">Analysis and reporting applications</h3><ul style=\"color: rgb(68, 68, 68);\"><li style=\"color: rgb(51, 51, 51);width: 854px;\">PET VCAR: Powerful patient evaluation and monitoring. PET VCAR can do evaluations based on PERCIST and RECIST and incorporates Q.Check.</li></ul><!--EndFragment--><p><br/></p><p><br/></p>','<h2 style=\"color: rgb(102, 102, 102);\">Dose management with ASiR</h2><p style=\"color: rgb(102, 102, 102);\">Many patients have repeat CTs. Over years, they accrue large volume of CTs and that can lead to a lifetime of radiation dose. Advanced imaging protocols may enable physicians to remove image noise associated with lower dose while obtaining a high quality diagnostic image. Learn how Childrens Mercy Hospital has employed ASiR in their imaging protocols.</p><p style=\"color: rgb(102, 102, 102);\"><span><br/></span></p><p style=\"color: rgb(102, 102, 102);\"><span>Decatur Bonescan</span><br/></p><p style=\"color: rgb(102, 102, 102);\">F18 Sodium Flouride (NaF) is a highly sensitive bone-seeking PET Tracer. Its mechanism of uptake resembles that of Tc99 methylene diphosphonate (MDP), but with better pharmacokinetics than MDP. The pharmacokinetics of NaF, together with the morphological information from CT and functional information from PET enables better characterization of bone-lesions and bone-metastases. In this testimonial, physicians at Decatur Memorial Hospital share their experiences in incorporating F18 PET bone scan into their clinical practice</p><!--EndFragment--><p><br/></p><p><br/></p><!--EndFragment--><p><br/></p><p><br/></p>','<p style=\"color: rgb(102, 102, 102);width: 904px;\">The Discovery PET/CT 710 offers tried and true technologies:</p><ul style=\"color: rgb(68, 68, 68);\"><li style=\"color: rgb(51, 51, 51);width: 854px;\">Innovations with a 40-mm detector at 0.35-sec rotation speed.</li><li style=\"color: rgb(51, 51, 51);width: 854px;\">Up to 60% lower CO<sub>2</sub><span class=\"Apple-converted-space\"> </span>emissions using the energy saving mode.</li><li style=\"color: rgb(51, 51, 51);width: 854px;\">Advanced applications to help clinicians make a fast and confident diagnosis.</li><li style=\"color: rgb(51, 51, 51);width: 854px;\">ASiR<span><sup>1</sup></span> technology may allow for reduced mA in the acquisition of diagnostic images.</li><li style=\"color: rgb(51, 51, 51);width: 854px;\">Simplified workflow for quick and streamlined operation.</li><li style=\"color: rgb(51, 51, 51);width: 854px;\">Scalable, modular design for ease of service.</li><li style=\"color: rgb(51, 51, 51);width: 854px;\">128-slice axial overlapped reconstruction for improved Z-axis visualization compared to non-overlapped reconstruction.    </li></ul><p style=\"color: rgb(102, 102, 102);width: 904px;\">Q.Suite is the product of close, ongoing partnerships between technology leaders and clinical researchers.  We learned about the challenges of quantitative PET from our customers and developed Q.Suite with their help.  Q.Suite is built on a platform that can support ongoing development in the future.  It will constitute an important step forward in capturing consistent quantitative measurements.</p><p style=\"color: rgb(102, 102, 102);width: 904px;\">Learn more about<span class=\"Apple-converted-space\"> </span><a href=\"http://www.gehealthcare.com/QSuite/\" target=\"_blank\" style=\"color: rgb(8, 165, 225);\">Q.Suite</a>.</p><p style=\"color: rgb(102, 102, 102);width: 904px;\"><span><strong><b>1.</b></strong><span class=\"Apple-converted-space\"> </span>In clinical practice, the use of ASiR may reduce CT patient dose depending on the clinical task, patient size, anatomical location, and clinical practice. A consultation with a radiologist and a physicist should be made to determine the appropriate dose to obtain diagnostic image quality for the particular clinical task.</span></p><!--EndFragment--><p><br/></p><p><br/></p>',NULL,74500),(7,'Discovery XR656 Plus',5,9,'<p><br/></p><!--StartFragment--><p><img alt=\"\" src=\"http://www3.gehealthcare.com/~/media/images/product/product-categories/radiography/discovery%20xr656%20plus/gehc-discovery-xr656-plus_step%20up%20to%20the%20world%20of%20freedom.jpg?la=en\" style=\"color: rgb(68, 68, 68);width: 400px;height: 220px;float: right;\"/></p><p><span style=\"color: rgb(102, 102, 102);\">Step up to the world of freedom.</span></p><p style=\"color: rgb(102, 102, 102);width: 904px;\">Discovery* XR656 Plus lets you enjoy productivity and workflow benefits thanks to<span class=\"Apple-converted-space\"> </span><a href=\"http://www3.gehealthcare.com/en/products/categories/radiography/fixed_rad_systems/flashpad_wireless_digital_detector\" style=\"color: rgb(89, 81, 148);\">FlashPad</a>*, a wireless detector that was designed—from the beginning—for advanced digital imaging. Our suite of advanced clinical capabilities helps you address complex clinical needs while differentiating your facility from others. </p><ul style=\"color: rgb(68, 68, 68);\"><li style=\"color: rgb(51, 51, 51);width: 854px;\">Advance your clinical capabilities </li><li style=\"color: rgb(51, 51, 51);width: 854px;\">FlashPad Digital radiography detector </li><li style=\"color: rgb(51, 51, 51);width: 854px;\">Gain control over your workflow</li><li style=\"color: rgb(51, 51, 51);width: 854px;\">Service you can count on!</li></ul><!--EndFragment--><p><br/></p><p><br/></p>','<h2 style=\"color: rgb(102, 102, 102);\">Advance your clinical capabilities</h2><p style=\"color: rgb(102, 102, 102);width: 904px;\">Our advanced clinical applications provide access to areas of uncertainties, helping you uncover information previously hidden within conventional 2D radiographic imaging.</p><blockquote style=\"color: rgb(68, 68, 68);\"><a href=\"https://www.youtube.com/watch?v=rvnsZhewE88&amp;list=PLMpbsoz7hP4rkQXcKVRhzohQL6GeQUvpL&amp;index=1\" target=\"_blank\" style=\"color: rgb(89, 81, 148);\"><img alt=\"\" src=\"http://www3.gehealthcare.com/~/media/images/product/product-categories/radiography/discovery%20xr656%20plus/gehc-discovery-xr656-plus_volumerad.jpg?la=en\" style=\"width: 300px;height: 165px;float: right;\"/></a><h2 style=\"color: rgb(102, 102, 102);\">VolumeRAD*</h2></blockquote><ul style=\"color: rgb(68, 68, 68);\"><ul><li style=\"color: rgb(51, 51, 51);width: 854px;\">Provides multiple images of the anatomy in a single sweep at a low dose, including chest, abdomen, extremities and spine.</li><li style=\"color: rgb(51, 51, 51);width: 854px;\">Remove overlying structures; enabling a better visualization of the anatomy from front to back. </li><li style=\"color: rgb(51, 51, 51);width: 854px;\">Reconstruction of data displays a set of images parallel to the detector panel; enabling you to display coronal images of interest.</li></ul></ul><blockquote style=\"color: rgb(68, 68, 68);\"><a href=\"https://www.youtube.com/watch?v=94hHzvUKdMU&amp;list=PLMpbsoz7hP4rkQXcKVRhzohQL6GeQUvpL&amp;index=2\" target=\"_blank\" style=\"color: rgb(89, 81, 148);\"><img alt=\"\" src=\"http://www3.gehealthcare.com/~/media/images/product/product-categories/radiography/discovery%20xr656%20plus/gehc-discovery-xr656-plus_volumerad%20delivers.jpg?la=en\" style=\"width: 300px;height: 165px;float: right;\"/></a><h2 style=\"color: rgb(102, 102, 102);\">It delivers:</h2></blockquote><ul style=\"color: rgb(68, 68, 68);\"><ul><li style=\"color: rgb(51, 51, 51);width: 854px;\">Superior lung nodule detection sensitivity compared to conventional CXR</li><li style=\"color: rgb(51, 51, 51);width: 854px;\">Improved identification of cases that require follow-up<sup>2</sup><span class=\"Apple-converted-space\"> </span>(1.5 times more sensitive than two-view CXR without decreased specificity) </li><li style=\"color: rgb(51, 51, 51);width: 854px;\">Improved conformity with guidelines for patient follow-up and care </li><li style=\"color: rgb(51, 51, 51);width: 854px;\">Improved sensitivity of detection of small lung nodules in the range of 3–20 mm in diameter; 3.6 times more sensitive than conventional two-view CXR, without decreased specificity</li><li style=\"color: rgb(51, 51, 51);width: 854px;\">A minimal-dose, volumetric imaging technique with the simplicity and efficient workflow of conventional chest X-ray; superior to CXR for lung nodule detection<sup>1</sup></li></ul></ul><!--EndFragment--><p><br/></p><p><br/></p>','<br/>','<blockquote style=\"color: rgb(68, 68, 68);\"><h2 style=\"color: rgb(102, 102, 102);\">Dual Energy Subtraction</h2></blockquote><ul style=\"color: rgb(68, 68, 68);\"><ul><li style=\"color: rgb(51, 51, 51);width: 854px;\">Acquire multiple images within milliseconds at different energy levels.</li><li style=\"color: rgb(51, 51, 51);width: 854px;\">Process and view the image as a standard radiographic image, an image with bones “subtracted,” and an image of just the bones to highlight foreign objects or calcified structures.</li></ul></ul><blockquote style=\"color: rgb(68, 68, 68);\"><p style=\"color: rgb(102, 102, 102);width: 904px;\"><img alt=\"\" src=\"http://www3.gehealthcare.com/~/media/images/product/product-categories/radiography/discovery%20xr656%20plus/gehc-discovery-xr656-plus_dual%20energy%20subtraction%20clinical%20image.jpg?la=en\" style=\"width: 580px;height: 190px;\"/></p></blockquote><blockquote style=\"color: rgb(68, 68, 68);\"><a href=\"https://www.youtube.com/watch?v=tgQbBKssANM&amp;list=PLMpbsoz7hP4rkQXcKVRhzohQL6GeQUvpL&amp;index=3\" target=\"_blank\" style=\"color: rgb(89, 81, 148);\"><img alt=\"\" src=\"http://www3.gehealthcare.com/~/media/images/product/product-categories/radiography/discovery%20xr656%20plus/gehc-discovery-xr656-plus_auto%20image%20paste.jpg?h=165&amp;la=en&amp;w=300\" style=\"width: 300px;height: 165px;float: right;\"/></a><h2 style=\"color: rgb(102, 102, 102);\">Auto Image Paste</h2></blockquote><ul style=\"color: rgb(68, 68, 68);\"><ul><li style=\"color: rgb(51, 51, 51);width: 854px;\">Acquire multiple images in one fast, seamless, highly automated exam. </li><li style=\"color: rgb(51, 51, 51);width: 854px;\">Receive automatic stitching of the acquired images in a single composite image. </li><li style=\"color: rgb(51, 51, 51);width: 854px;\">Perform these exams at either the wallstand or the table.</li></ul></ul><blockquote style=\"color: rgb(68, 68, 68);\"><p style=\"color: rgb(102, 102, 102);width: 904px;\"><img alt=\"\" height=\"300\" width=\"494\" src=\"http://www3.gehealthcare.com/~/media/images/product/product-categories/radiography/discovery%20xr656%20plus/gehc-discovery-xr656-plus_auto%20image%20paste%20clinical%20image.jpg?la=en\"/></p></blockquote><!--EndFragment--><p><br/></p><p><br/></p>',NULL,95000),(8,'Definium 5000',5,9,'<p><span style=\"color: rgb(102, 102, 102);float: none;background-color: rgb(255, 255, 255);\">The Definium 5000 is a compact and versatile digital radiography system. It’s well-suited for the demands of high-volume imaging, especially in treatment centers where space is at a premium, such as orthopedic and sports medicine facilities, physician offices, satellite offices and stand-alone imaging centers. It’s an affordable digital solution in a compact system.</span><!--EndFragment--><br/><br/><br/></p>','<h2 style=\"color: rgb(102, 102, 102);\">The Definium 5000 offers:   </h2><p style=\"color: rgb(102, 102, 102);width: 904px;\"><strong><b>Compact Performance:<br/></b></strong>The Definium* 5000 maximizes its compact size to provide digital image quality at an efficient dose. The rotating U-arm combines with automated features to help enhance productivity in a powerful, affordable X-ray imaging system.</p><p style=\"color: rgb(102, 102, 102);width: 904px;\"><strong><b>Digital Efficiency:</b></strong><br/>The Definium 5000 includes automated tools to help enhance productivity, workflow and image consistency. It is based on GE’s innovative digital platform, giving you advanced technology in an easy-to-use system.</p><p style=\"color: rgb(102, 102, 102);width: 904px;\"><strong><b>Simple Configuration:</b></strong><br/>With its compact, floor-mounted, U-arm design, the Definium 5000 fits into smaller rooms without the need of ceiling support structures, helping to reduce equipment and building costs associated with ceiling support structures. And it can be installed fast – potentially helping to further reduce expenditures.</p><p style=\"color: rgb(102, 102, 102);width: 904px;\"><strong><b>Flat-Panel Detector:</b></strong><br/>GE’s exclusive CesiumIodide single-piece digital detector eliminates fused edges with dead pixel space, delivering excellent image quality with dose efficiency.</p><p style=\"color: rgb(102, 102, 102);width: 904px;\"><strong><b>Customized Flexibility:</b></strong><br/>The Definium 5000’s intuitive touch screen and common user interface allows for easy and rapid command execution.</p><p style=\"color: rgb(102, 102, 102);width: 904px;\"><strong><b>Optional Auto Image Paste:<span class=\"Apple-converted-space\"> </span></b></strong><br/>The use of Auto Image Paste software enables multiple exposures to be combined into a single image for long bone and scoliosis <img alt=\"\" src=\"http://www3.gehealthcare.com/~/media/images/product/product-categories/radiography/definium%205000/skeleton%20equation.jpg\" style=\"width: 800px;height: 400px;\"/></p><!--EndFragment--><p><br/></p><p><br/></p>',NULL,'<h2 style=\"color: rgb(102, 102, 102);\">Advanced features include:</h2><p style=\"color: rgb(102, 102, 102);width: 904px;\"> </p><ul style=\"color: rgb(68, 68, 68);\"><li style=\"color: rgb(51, 51, 51);width: 854px;\">Amorphous silicon non-tiled digital detector with cesium iodide scintillator</li><li style=\"color: rgb(51, 51, 51);width: 854px;\">Patient-side collimator and technique controls with digital display (e.g. mA, kVp, mAs)</li><li style=\"color: rgb(51, 51, 51);width: 854px;\">Patient-side automated positioning selection</li><li style=\"color: rgb(51, 51, 51);width: 854px;\">Patient-side selection of pre-programmed U-arm positions</li><li style=\"color: rgb(51, 51, 51);width: 854px;\">High DQE for excellent image quality and dose efficiency</li><li style=\"color: rgb(51, 51, 51);width: 854px;\">Automated vertical and longitudinal tube/detector alignment of the U-arm</li><li style=\"color: rgb(51, 51, 51);width: 854px;\">Fast preview image (QC)</li><li style=\"color: rgb(51, 51, 51);width: 854px;\">Multi-resolution image processing capability</li><li style=\"color: rgb(51, 51, 51);width: 854px;\">DICOM 3.0 and IHE-compliant communication</li><li style=\"color: rgb(51, 51, 51);width: 854px;\">Post-acquisition reprocessing for multiple views from a single exposure</li><li style=\"color: rgb(51, 51, 51);width: 854px;\">Patient edit for category, exam and/or view</li></ul><!--EndFragment--><p><br/></p><p><br/></p>','<p style=\"color: rgb(102, 102, 102);width: 904px;\">The Definium 5000 digital radiographic imaging system is designed as a compact, digital imaging system for use in hospital emergency departments, orthopedic centers, and to support most general radiology applications. It provides excellent image quality, image manipulation and dose reporting. These features help make the system reliable and easy to use while providing high-quality radiographic images in a digital environment.   </p><p style=\"color: rgb(102, 102, 102);width: 904px;\">The system configuration includes a choice of tables, a floor column stand with rotating U-arm; GE’s patented digital detector, which captures radiographic images in digital form; and an x-ray generator/power unit. An acquisition and review workstation for image post-processing, short-term storage, and quick in-room viewing of images is included. Images may be transferred manually or automatically via a DICOM network for printing, long-term storage or archive, and detailed review.</p><!--EndFragment--><p><br/></p><p><br/></p>',84500),(9,'Brivo XR385',5,9,'<p><span style=\"color: rgb(102, 102, 102);float: none;background-color: rgb(255, 255, 255);\">The Brivo XR385 is your cost-effective first step into digital. With this general purpose DR system in your department, you sacrifice little. Brivo XR385 is a floor-mounted RAD system that requires minimal space, yet can accommodate most of your basic x-ray procedures. Easy on space. Easy to use. And easy on your budget.</span><!--EndFragment--><br/><br/><br/></p>','<h2 style=\"color: rgb(102, 102, 102);\">Brivo XR385 offers:   </h2><p style=\"color: rgb(102, 102, 102);width: 904px;\"><strong><b>Just What You Need for Digital Radiography in a Small Space<br/></b></strong>With just a table, floor-mounted tube and wallstand, the Brivo XR385 supports basic imaging requirements for an ambulatory clinic.   </p><p style=\"color: rgb(102, 102, 102);width: 904px;\"><strong><b>A Sound Investment in Productivity<br/></b></strong>Brivo XR385 is an affordable solution to making the transition to digital, helping you eliminate continued investments in CR.   </p><p style=\"color: rgb(102, 102, 102);width: 904px;\"><strong><b>Fast Exam Times<br/></b></strong>Digital image acquisition supports fast and efficient exam procedures, eliminating time spent handling film and cassettes.   </p><p style=\"color: rgb(102, 102, 102);width: 904px;\"><strong><b>Trusted Performance<br/></b></strong>Built on a similar digital imaging chain as found in GE\'s advanced X-ray systems, the Brivo XR385 gives you excellent image processing capabilities.</p><!--EndFragment--><p><br/></p><p><br/></p>','','<h2 style=\"color: rgb(102, 102, 102);\">Features include:       </h2><p style=\"color: rgb(102, 102, 102);width: 904px;\"> </p><ul style=\"color: rgb(68, 68, 68);\"><li style=\"color: rgb(51, 51, 51);width: 854px;\">Portable digital radiographic flat panel detector made of non-tiled amorphous silicon </li><li style=\"color: rgb(51, 51, 51);width: 854px;\">Integrated floor mounted x-ray tube </li><li style=\"color: rgb(51, 51, 51);width: 854px;\">Mechanical linkage between the tube stand and the table detector housing supports auto tracking of detector</li><li style=\"color: rgb(51, 51, 51);width: 854px;\">Fast preview image with the fully processed image in less than 15 second</li><li style=\"color: rgb(51, 51, 51);width: 854px;\">Post-acquisition processing for multiple “looks” from single exposure</li><li style=\"color: rgb(51, 51, 51);width: 854px;\">Automated and customizable image transfer and printing</li><li style=\"color: rgb(51, 51, 51);width: 854px;\">DICOM 3.0 and IHE compliant</li><li style=\"color: rgb(51, 51, 51);width: 854px;\">iLinq* remote system diagnostic service support is available through the GE Online Center and does not require on-site service personnel</li><li style=\"color: rgb(51, 51, 51);width: 854px;\">Multi-resolution image processing for enhancement of detail</li><li style=\"color: rgb(51, 51, 51);width: 854px;\">Tissue Equalization algorithm used to enhance contrast in over-penetrated and under-penetrated areas within the image</li><li style=\"color: rgb(51, 51, 51);width: 854px;\">Intelligent Collimation Edge Detector (ICED) algorithm that automates image shuttering and cropping</li><li style=\"color: rgb(51, 51, 51);width: 854px;\">Smart Windowing – automated, image based, and technique-independent method of determining brightness and contrast for image display</li></ul><!--EndFragment--><p><br/></p><p><br/></p>','<p style=\"color: rgb(102, 102, 102);width: 904px;\">The Brivo XR385 is a general-purpose digital radiographic system designed for use in radiology departments that need to perform basic x-ray imaging, such as in ambulatory clinics. It allows hospitals to make the transition to digital with a basic X-ray system that is based on the same technology platform as that used on GE’s advanced X-ray systems. </p><p style=\"color: rgb(102, 102, 102);width: 904px;\">The Brivo XR385 is designed to handle radiographic applications using a single detector, high frequency generator and integrated table to provide flexibility for wallstand and tabletop applications. </p><p style=\"color: rgb(102, 102, 102);width: 904px;\"> </p><ul style=\"color: rgb(68, 68, 68);\"><li style=\"color: rgb(51, 51, 51);width: 854px;\">Free-standing system with a small footprint</li><li style=\"color: rgb(51, 51, 51);width: 854px;\">Designed to fit almost any room configuration without the need for ceiling support</li><li style=\"color: rgb(51, 51, 51);width: 854px;\">Large travel range and flexibility of tube rotation helps to meet your basic clinical requirements</li><li style=\"color: rgb(51, 51, 51);width: 854px;\">Acquisition review workstation for image post-processing, short-term storage and quick in-room viewing of images are included</li><li style=\"color: rgb(51, 51, 51);width: 854px;\">Images may be transferred automatically or manually </li></ul><!--EndFragment--><p><br/></p><p><br/></p>',46800),(10,'Optima XR200amx',5,10,'<p style=\"color: rgb(102, 102, 102);\">Optima XR200amx, based on our revolutionary AMX family of X-ray systems, gives you the freedom to upgrade to a fully integrated digital mobile solution when it aligns with your needs. You can enjoy the ease of use and time-saving advantages Optima XR200amx offers over its predecessor AMX systems:</p><ul style=\"color: rgb(68, 68, 68);\"><li style=\"color: rgb(51, 51, 51);width: 440px;\">Digital-ready</li><li style=\"color: rgb(51, 51, 51);width: 440px;\">More power in a compact design</li><li style=\"color: rgb(51, 51, 51);width: 440px;\">24/7 availability, no boot-up required</li><li style=\"color: rgb(51, 51, 51);width: 440px;\">Automatic charging</li><li style=\"color: rgb(51, 51, 51);width: 440px;\">Improved storage</li></ul><!--EndFragment--><p><br/></p><p><br/></p>',NULL,NULL,'<h2 style=\"color: rgb(102, 102, 102);\">FlashPad Wireless Digital Detector</h2><p style=\"color: rgb(102, 102, 102);\">FlashPad* is GE’s next-generation wireless digital detector.  It is designed for digital use and built for reliability.  FlashPad is the first wireless detector to operate with Ultra-Wideband connectivity.  It communicates independently on a dedicated channel – so data is transferred with speed and reliability.    </p><p style=\"color: rgb(102, 102, 102);\">At GE, we understand that you need to do more with the equipment you have.  FlashPad enables advanced application on premium GE radiography systems.  Even if you’re not using advanced applications today, FlashPad allows you that capability in the future by offering an investment protection. </p><!--EndFragment--><p><br/></p><p><br/></p>',NULL,71800),(11,'LOGIQ P5',6,11,'<h2 style=\"color: rgb(102, 102, 102);\">Accessible quality imaging.</h2><p style=\"color: rgb(102, 102, 102);width: 904px;\">The LOGIQ* P5 portable ultrasound system puts quality ultrasound technology well within the reach of your private practice, specialized clinic, or hospital. It offers solid image quality, including enhanced 4D capabilities and an extensive portfolio of transducers to help you take your patient care to a high level.</p><!--EndFragment--><p><br/></p><p><br/></p>','<h2 style=\"color: rgb(102, 102, 102);background-color: rgb(255, 255, 255);\">Scanning conveniences.</h2><p style=\"color: rgb(102, 102, 102);width: 904px;background-color: rgb(255, 255, 255);\"><b>LOGIQ P5 is designed to help you work more ergonomically, with features including:</b></p><ul style=\"color: rgb(68, 68, 68);background-color: rgb(255, 255, 255);\"><b></b><li style=\"color: rgb(51, 51, 51);width: 854px;\">Full-sized keyboard, hot keys, and user-defined keys.</li><li style=\"color: rgb(51, 51, 51);width: 854px;\">15-inch LCD monitor on a fold-down, articulating arm for positioning flexibility, simple placement, and easy transport.</li><li style=\"color: rgb(51, 51, 51);width: 854px;\">Convenient storage drawer. </li></ul><h2 style=\"color: rgb(102, 102, 102);background-color: rgb(255, 255, 255);\">Lightweight and portable.</h2><p style=\"color: rgb(102, 102, 102);width: 904px;background-color: rgb(255, 255, 255);\"><b>LOGIQ P5 is a lightweight ultrasound system that maneuvers easily and fits well in small exam rooms or at the bedside</b></p><h2 style=\"color: rgb(102, 102, 102);\">Advanced features help you capture exceptional images:</h2><ul style=\"color: rgb(68, 68, 68);\"><li style=\"color: rgb(51, 51, 51);width: 854px;\"><strong><b>High Definition Speckle Reduction Imaging (SRI-HD)</b></strong><span class=\"Apple-converted-space\"> </span>helps eliminate noise while maintaining true tissue architecture</li><li style=\"color: rgb(51, 51, 51);width: 854px;\"><strong><b>CrossXBeam* Imaging</b></strong><span class=\"Apple-converted-space\"> </span>helps enhance tissue and border differentiation</li><li style=\"color: rgb(51, 51, 51);width: 854px;\"><strong><b>Auto Optimization (AO)</b></strong><span class=\"Apple-converted-space\"> </span>increases contrast resolution</li><li style=\"color: rgb(51, 51, 51);width: 854px;\"><strong><b>Auto TGC</b></strong><span class=\"Apple-converted-space\"> </span>helps provide a homogenous brightness to the image to enhance clarity</li><li style=\"color: rgb(51, 51, 51);width: 854px;\"><strong><b>Phase Inversion Harmonics<span class=\"Apple-converted-space\"> </span></b></strong>helps provide higher spatial resolution and deeper penetration</li><li style=\"color: rgb(51, 51, 51);width: 854px;\"><strong><b>3D/4D imaging</b></strong><span class=\"Apple-converted-space\"> </span>helps reveal anatomical details</li><li style=\"color: rgb(51, 51, 51);width: 854px;\"><strong><b>Elastography</b></strong><span class=\"Apple-converted-space\"> </span>for breast and musculoskeletal exams</li><li style=\"color: rgb(51, 51, 51);width: 854px;\"><strong><b>Auto IMT (Automated Intima Media Thickness)</b></strong><span class=\"Apple-converted-space\"> </span>for quick carotid artery analysis</li><li style=\"color: rgb(51, 51, 51);width: 854px;\"><strong><b>TVI, Myocardial Doppler imaging with color overlay</b></strong></li><li style=\"color: rgb(51, 51, 51);width: 854px;\"><strong><b>Stress Echo</b></strong></li></ul><h2 style=\"color: rgb(102, 102, 102);\">LOGIQ P5 includes many established applications from GE\'s high-end ultrasound systems, including:</h2><ul style=\"color: rgb(68, 68, 68);\"><li style=\"color: rgb(51, 51, 51);width: 854px;\">A broad portfolio of broadband transducers</li><li style=\"color: rgb(51, 51, 51);width: 854px;\">Enhanced 4D capabilities</li><li style=\"color: rgb(51, 51, 51);width: 854px;\">Intuitive image management tools</li></ul><!--EndFragment--><p><br/></p><p><br/></p>','','<h2 style=\"color: rgb(102, 102, 102);background-color: rgb(255, 255, 255);\">Workflow made easy.</h2><p style=\"color: rgb(102, 102, 102);width: 904px;background-color: rgb(255, 255, 255);\"><b>LOGIQ P5 provides flexible, advanced productivity and connectivity features to help expand equipment usage. Incorporating raw data and auto-optimization capabilities helps you enhance your efficiency and spend more time with your patients. Other workflow features include: </b></p><ul style=\"color: rgb(68, 68, 68);background-color: rgb(255, 255, 255);\"><b></b><li style=\"color: rgb(51, 51, 51);width: 854px;\"><strong><b>Automatic Optimization (AO) and Auto TGC</b></strong><span class=\"Apple-converted-space\"> </span>to help promote peak performance in every scan, in less keystrokes. </li><li style=\"color: rgb(51, 51, 51);width: 854px;\"><strong><b>Raw Data</b></strong><span class=\"Apple-converted-space\"> </span>allows data to be stored early in the image chain for optimum flexibility during post-processing and analysis. </li></ul><h2 style=\"color: rgb(102, 102, 102);background-color: rgb(255, 255, 255);\">Patient data storage.</h2><p style=\"color: rgb(102, 102, 102);width: 904px;background-color: rgb(255, 255, 255);\"><b>Patient data from the LOGIQ P5 can be seamlessly exported to a USB or sent via DICOM to another device on the network. A configurable reporting package allows hard copy images or reports to be printed on any networked printer. Storage flexibility allows exams to be saved as Mpeg files for offline analysis on a PC.</b></p><!--EndFragment--><p><br/></p><p><br/></p>','<h2 style=\"color: rgb(102, 102, 102);\">Excellent versatility.</h2><p style=\"color: rgb(102, 102, 102);width: 904px;\">LOGIQ P5 provides the versatility to work in many care areas. Its advanced capabilities and workflow efficiencies can benefit general imaging applications as well as women’s health, urology, and other point-of-care applications.</p><!--EndFragment--><p><br/></p><p><br/></p>',38000),(12,'Voluson E10',6,11,'<h1 style=\"color: rgb(68, 68, 68);\">Our Legacy of Innovation enters a new era.</h1><p style=\"color: rgb(102, 102, 102);width: 904px;\"><em>The latest in our Expert Series, the Voluson<sup>TM</sup><span class=\"Apple-converted-space\"> </span>E10 ultrasound system is designed for the advanced women’s health practice. Where complex cases are the rule, not the exception. Where you resolve difficult diagnostic questions on a daily basis. Where patients come to you for confident answers.</em></p><p style=\"color: rgb(102, 102, 102);width: 904px;\"><em><img alt=\"\" src=\"http://www3.gehealthcare.com/~/media/images/product/product-categories/ultrasound/voluson/voluson%20family/voluson%20e8/voluson-divider.jpg?la=en-gb\" style=\"width: 815px;height: 9px;\"/><br/></em></p><p style=\"color: rgb(102, 102, 102);width: 904px;\">The Voluson E10 with our new Radiance System Architecture is our most advanced Voluson yet<sup>1</sup><span class=\"Apple-converted-space\"> </span>- delivering a new standard in OB/GYN imaging with more clarity, more speed and more flexibility.</p><p style=\"color: rgb(102, 102, 102);width: 904px;\">The system focuses on enhanced efficiency - utilizing the proven Voluson workflow, a familiar system design and enhancements in automation, productivity and connectivity to address your busy practice needs.</p><p style=\"color: rgb(102, 102, 102);width: 904px;\">To help meet your extraordinary clinical and workflow needs, the Voluson E10 introduces the innovative Radiance System Architecture. The Radiance System Architecture sets a new standard in imaging performance to give you<sup>1</sup>: </p><ul style=\"color: rgb(68, 68, 68);\"><li style=\"color: rgb(51, 51, 51);width: 854px;\"><strong><b>More clarity</b></strong><span class=\"Apple-converted-space\"> </span>… 4x Ultrasound Pathways for spectacular 2D and 3D/4D images with increased penetration </li><li style=\"color: rgb(51, 51, 51);width: 854px;\"><strong><b>More speed</b></strong><span class=\"Apple-converted-space\"> </span>… 10x the data transfer rate for higher resolution and very fast frame rates </li><li style=\"color: rgb(51, 51, 51);width: 854px;\"><strong><b>More flexibility</b></strong><span class=\"Apple-converted-space\"> </span>… 4x the processing power for advanced applications and efficient workflow</li></ul><p style=\"color: rgb(102, 102, 102);width: 904px;\">As a result, you can have extraordinary confidence in your ability to: </p><ul style=\"color: rgb(68, 68, 68);\"><li style=\"color: rgb(51, 51, 51);width: 854px;\">Image a comprehensive range of complex women’s health issues </li><li style=\"color: rgb(51, 51, 51);width: 854px;\">Assess fetal health from the early stages </li><li style=\"color: rgb(51, 51, 51);width: 854px;\">Increase workflow efficiency and productivity </li><li style=\"color: rgb(51, 51, 51);width: 854px;\">Deliver the high level of imaging excellence your practice demands</li></ul><!--EndFragment--><p><br/></p><p><br/></p>','<h1 style=\"color: rgb(68, 68, 68);\">Contemporary design to help fit your needs.</h1><p style=\"color: rgb(102, 102, 102);\"><em>Ongoing dialogue with our Voluson user community provided the insight needed for ergonomic and efficiency improvements to fit the expanding clinical and workflow needs of today’s women’s health practice.</em></p><h2 style=\"color: rgb(102, 102, 102);\">Extraordinary Ease</h2><p style=\"color: rgb(102, 102, 102);\"><em><img alt=\"\" src=\"http://www3.gehealthcare.com/~/media/images/product/product-categories/ultrasound/voluson/voluson%20family/voluson%20e8/voluson-divider.jpg?la=en-gb&amp;h=9&amp;w=470\" style=\"height: 9px;width: 470px;\"/><br/></em></p><ul style=\"color: rgb(68, 68, 68);\"><li style=\"color: rgb(51, 51, 51);width: 440px;\">Maximize efficiency with 23” widescreen LED monitor<ul><li style=\"color: rgb(51, 51, 51);width: 370px;\">Image presentation in Standard or XL format allows you to see tiny details clearly </li></ul></li><li style=\"color: rgb(51, 51, 51);width: 440px;\">One touch responsiveness. Simplified workflow.<ul><li style=\"color: rgb(51, 51, 51);width: 370px;\">12.1” Touch Panel with multi-touch </li></ul></li><li style=\"color: rgb(51, 51, 51);width: 440px;\">Quick and easy 1-button control panel up/down function allows for optimal ergonomics. </li><li style=\"color: rgb(51, 51, 51);width: 440px;\">Probe port illumination </li><li style=\"color: rgb(51, 51, 51);width: 440px;\">Fast, secure data management for efficient communication <ul><li style=\"color: rgb(51, 51, 51);width: 370px;\">Integrated Software Digital Video Recorder, including USB recording </li><li style=\"color: rgb(51, 51, 51);width: 370px;\">Email export</li></ul></li></ul><h2 style=\"color: rgb(102, 102, 102);\">Automation</h2><p style=\"color: rgb(102, 102, 102);\"><em>Gain efficiency with automation</em></p><!--EndFragment--><p><br/></p><p><br/></p>',NULL,'<h1 style=\"color: rgb(68, 68, 68);\">Simply extraordinary 4D</h1><p style=\"color: rgb(102, 102, 102);\"><em>The Voluson<sup>TM</sup><span class=\"Apple-converted-space\"> </span>E10 is designed to be the foundation for Voluson Electronic 4D (e4D) technology – offering you the 4D imaging opportunities that you dreamed of having.</em></p><p style=\"color: rgb(102, 102, 102);\"><em><img alt=\"\" src=\"http://www3.gehealthcare.com/~/media/images/product/product-categories/ultrasound/voluson/voluson%20family/voluson%20e8/voluson-divider.jpg?la=en-gb&amp;h=9&amp;w=470\" style=\"height: 9px;width: 470px;\"/><br/></em></p><p style=\"color: rgb(102, 102, 102);\">1st commercially available curved matrix electronic 4D probe designed for OB/GYN needs delivers:  </p><ul style=\"color: rgb(68, 68, 68);\"><li style=\"color: rgb(51, 51, 51);width: 440px;\"><strong><b>Ultra-fast volume rates for real-time display of motion</b></strong><span class=\"Apple-converted-space\"> </span>allowing for superb visibility of anatomical structures and functionality. </li><li style=\"color: rgb(51, 51, 51);width: 440px;\"><strong><b>Superb resolution in all imaging planes</b></strong><span class=\"Apple-converted-space\"> </span>giving excellent image quality to support clinical decision making. </li><li style=\"color: rgb(51, 51, 51);width: 440px;\"><strong><b>Flexible imaging formats</b></strong><span class=\"Apple-converted-space\"> </span>allow evaluation of 2 orthogonal planes in real-time for efficiency and diagnostic confidence. </li><li style=\"color: rgb(51, 51, 51);width: 440px;\"><strong><b>Fast volume acquisition</b></strong><span class=\"Apple-converted-space\"> </span>– helps increase exam success rates – enhanced workflow efficiency.</li></ul><p style=\"color: rgb(102, 102, 102);\"><span><strong><b>1.<span class=\"Apple-converted-space\"> </span></b></strong>Compared to Voluson Expert Series BT13.</span></p><!--EndFragment--><p><br/></p><p><br/></p>','<h1 style=\"color: rgb(68, 68, 68);\">Your vision – new perspectives</h1><p style=\"color: rgb(102, 102, 102);\"><em>Our best just got better - more detail, more clarity in less time .. powered by the Radiance System Architecture.</em></p><p style=\"color: rgb(102, 102, 102);\"><em><img alt=\"\" src=\"http://www3.gehealthcare.com/~/media/images/product/product-categories/ultrasound/voluson/voluson%20family/voluson%20e8/voluson-divider.jpg?la=en-gb&amp;h=9&amp;w=470\" style=\"height: 9px;width: 470px;\"/><br/></em></p><p style=\"color: rgb(102, 102, 102);\">With sophisticated beam formation, powerful processing and new rendering technologies, the Voluson<sup>TM</sup><span class=\"Apple-converted-space\"> </span>E10 system offers you the best image quality you have ever seen from a Voluson<sup>1</sup>… in less time.</p><h2 style=\"color: rgb(102, 102, 102);\">Electronic 4D</h2><p style=\"color: rgb(102, 102, 102);\">The Voluson E10 is designed to be the foundation for Voluson e4D technology – offering you the 4D imaging opportunities that you dreamed of having for OB/GYN exams. The Radiance System Architecture, together with the first commercially available curved matrix electronic 4D probe, eM6C, combines to deliver ultra-fast volume rates, flexible imaging formats and the excellent resolution you have come to expect from a Voluson.</p><h2 style=\"color: rgb(102, 102, 102);\">HD<em>live</em><sup>TM</sup></h2><p style=\"color: rgb(102, 102, 102);\">HD<em>live</em>, and industry leading technology, has brought anatomical realism to the next level with the introduction of two innovative technologies.</p><ul style=\"color: rgb(68, 68, 68);\"><li style=\"color: rgb(51, 51, 51);width: 440px;\">HD<em>live</em><span class=\"Apple-converted-space\"> </span>Silhouette – gives information to help you make a confident volume assessment of 1st trimester anatomy. </li><li style=\"color: rgb(51, 51, 51);width: 440px;\">HD<em>live</em><span class=\"Apple-converted-space\"> </span>Flow – presents vascular structures with greater anatomical realism<sup>2</sup>.</li></ul><h2 style=\"color: rgb(102, 102, 102);\">V-SRI</h2><p style=\"color: rgb(102, 102, 102);\">This enhancement helps provide a high level of speckle reduction utilizing volume/voxels versus traditional single slice imaging.</p><ul style=\"color: rgb(68, 68, 68);\"><li style=\"color: rgb(51, 51, 51);width: 440px;\">It helps improve 3D/4D quality in multi-planar studies and also provides an enhanced smoothing effect on rendered images which helps improve diagnostic confidence.</li></ul><p style=\"color: rgb(102, 102, 102);\"><span><strong><b></b></strong>1.<strong><b> <span class=\"Apple-converted-space\"> </span></b></strong>Compared to Voluson Expert Series BT13.<br/><strong><b></b></strong>2.  Compared to conventional Colour Doppler or HD-Flow.</span></p><!--EndFragment--><p><br/></p><p><br/></p>',120000),(13,'RaySafe i2',1,4,'<p><br/></p><p><br/></p><!--StartFragment--><p><img alt=\"\" src=\"http://www3.gehealthcare.com/~/media/images/product/product-categories/accessories/raysafe/i2_baseunit_4dosimeters_cradle_infront_raysafe_cropped.jpg?h=187&amp;w=200\" style=\"color: rgb(68, 68, 68);float: left;\"/></p><p style=\"color: rgb(102, 102, 102);\">RaySafe i2 is an active dosimetry system that gives real-time insight about personal radiation exposure, as well as access to time stamped dose data. By providing easily accessible information about radiation exposure, RaySafe i2 allows staff to immediately change their behavior in order to minimize their radiation dose. By continuous control of exposure data it is possible to reduce dose. Clinical studies have indicated around 30 - 40% staff dose reduction.</p><p style=\"color: rgb(102, 102, 102);\">The main package contains one i2 real-time display, four i2 dosimeters, one i2 dose viewer software, a cradle, a storage rack and mounting material. The i2 dose manager software, additional dosimeters and rack are ordered as options.</p><p style=\"color: rgb(102, 102, 102);\">Learn more by downloading our<span class=\"Apple-converted-space\"> </span><a href=\"http://www3.gehealthcare.com/~/media/documents/us-global/products/accesories-supplies/brochures/raysafe/gehealthcare-brochure_raysafe-i2.pdf\" class=\"document-link\" target=\"_blank\" style=\"color: rgb(8, 165, 225);\">RaySafe i2 brochure</a>.</p><p style=\"color: rgb(102, 102, 102);\"><small>RaySafe i2 does not replace the legal dosimetry system. It does not measure direct radiation which is a requirement for legal dosimetry, only scattered radiation. The RaySafe i2 system is made primarily for the user’s radiation exposure awareness.</small></p><!--EndFragment--><p><br/></p><p><br/></p>','<p style=\"color: rgb(102, 102, 102);width: 904px;\">RaySafe i2 real-time display</p><p style=\"color: rgb(102, 102, 102);width: 904px;\">The RaySafe i2 real-time display is a 10.4&#34; touch screen which is placed in the examination room. It shows real-time dose data from all dosimeters in range. The color indication (red, yellow, green) gives the individual user insight about the current received dose and the possibility to act accordingly. The accumulated dose per individual user is displayed next to the color indication bars.</p><p style=\"color: rgb(102, 102, 102);width: 904px;\"><br/></p><p style=\"color: rgb(102, 102, 102);width: 904px;\"><img alt=\"\" src=\"http://www3.gehealthcare.com/~/media/images/product/product-categories/accessories/raysafe/i2_front_base_station_doseoverview_msv_notification_raysafe%20copy.jpg?h=212&amp;w=300\" style=\"float: right;\"/>RaySafe i2 real-time display features</p><p style=\"color: rgb(102, 102, 102);width: 904px;\">By tapping the dosimeter name on the touch screen you can access more detailed information about the personal dose history. </p><ol style=\"color: rgb(68, 68, 68);\"><li style=\"color: rgb(51, 51, 51);width: 854px;\">A dose dashboard with total dose history and trip meters </li><li style=\"color: rgb(51, 51, 51);width: 854px;\">Annual personal dose and dose in relation to a configurable yearly limit </li><li style=\"color: rgb(51, 51, 51);width: 854px;\">Detailed views presenting time stamped dose history</li></ol><!--EndFragment--><p><br/></p><p><br/></p>',NULL,NULL,NULL,2000),(14,'Invenia ABUS',1,1,'<p><span style=\"color: rgb(102, 102, 102);\">Innovative breast cancer screening for women with dense breast tissue.</span><br/></p><p><img alt=\"Two clinicians looking at an Invenia ABUS monitor\" src=\"http://www3.gehealthcare.com/~/media/images/product/product-categories/ultrasound/invenia%20abus/gehc-invenia-abus_overview.jpg?h=300&amp;w=449\" style=\"color: rgb(68, 68, 68);float: right;width: 350px;height: 234px;\"/></p><p style=\"color: rgb(102, 102, 102);width: 904px;\">Mammography may miss over 1/3 of cancers in dense breasts.<sup>1</sup><span class=\"Apple-converted-space\"> </span>The Invenia<sup>TM</sup><span class=\"Apple-converted-space\"> </span>ABUS (Automated Breast Ultrasound System) is a comfortable, non-ionizing alternative to other supplemental screening options for women with dense breast tissue. When used in addition to mammography, Invenia ABUS can improve breast cancer detection by 55 percent over mammography* alone.<sup>2</sup><span class=\"Apple-converted-space\"> </span>Learn more about Invenia ABUS by<span class=\"Apple-converted-space\"> </span><a href=\"http://www3.gehealthcare.com/~/media/documents/us-global/products/ultrasound/brochures/invenia%20abus/gehc-brochure-invenia-abus.pdf\" class=\"document-link\" target=\"_blank\" style=\"color: rgb(89, 81, 148);\">downloading the brochure</a>. </p><h2 style=\"color: rgb(102, 102, 102);\"><em>Why is Invenia ABUS screening needed?</em> </h2><p style=\"color: rgb(102, 102, 102);width: 904px;\">Approximately 40% of American women have dense breasts.<sup>3</sup><span class=\"Apple-converted-space\"> </span>Having dense breasts can increase a woman’s risk to develop cancer by 1-6 times.<sup>4</sup><span class=\"Apple-converted-space\"> </span>Mammography may miss cancers in dense breasts, Invenia ABUS has been proven to find 55 percent more invasive cancers after a normal or benign mammographic finding.</p><!--EndFragment--><p><br/></p><p><br/></p>',NULL,'<h2 style=\"color: rgb(102, 102, 102);\">Mastery Training for Physicians and Technologists</h2><p style=\"color: rgb(102, 102, 102);width: 904px;\">The Invenia<sup>TM</sup><span class=\"Apple-converted-space\"> </span>ABUS Mastery Program uses progressive teaching techniques led by our experienced team of peer educators and clinical applications specialists. The program is dedicated to the rapid development of diagnostic confidence to quickly build the clinical skills and experience necessary to effectively use Invenia ABUS. </p><p><img alt=\"Radiologist using Invenia ABUS\" src=\"http://www3.gehealthcare.com/~/media/images/product/product-categories/ultrasound/invenia%20abus/gehc-invenia-abus-education-physician.jpg\" style=\"color: rgb(68, 68, 68);float: right;width: 225px;height: 150px;\"/></p><p style=\"color: rgb(102, 102, 102);width: 904px;\"><em></em></p><h2 style=\"color: rgb(102, 102, 102);\"><em>Physician course: </em></h2><p><em style=\"color: rgb(68, 68, 68);\"></em></p><p><span style=\"color: rgb(68, 68, 68);float: none;background-color: rgb(255, 255, 255);\"></span></p><ul style=\"color: rgb(68, 68, 68);\"><li style=\"color: rgb(51, 51, 51);width: 854px;\">No travel necessary - courses are conducted in a peer-to-peer format via remote desktop sharing with live video and audio connections. </li><li style=\"color: rgb(51, 51, 51);width: 854px;\">Self-paced web-based tutorials, hands-on casework with a peer educator and self-assessment testing with individualized feedback </li></ul><p style=\"color: rgb(102, 102, 102);width: 904px;\"><em></em></p><h2 style=\"color: rgb(102, 102, 102);\"><em>Technologist course: </em></h2><p><em style=\"color: rgb(68, 68, 68);\"></em></p><p><span style=\"color: rgb(68, 68, 68);float: none;background-color: rgb(255, 255, 255);\"></span></p><p><img alt=\"Technologist training on Invenia ABUS\" src=\"http://www3.gehealthcare.com/~/media/images/product/product-categories/ultrasound/invenia%20abus/gehc-invenia-abus-education-technologist.jpg\" style=\"color: rgb(68, 68, 68);float: right;width: 225px;height: 150px;\"/></p><ul style=\"color: rgb(68, 68, 68);\"><li style=\"color: rgb(51, 51, 51);width: 854px;\">Conducted by an Invenia ABUS clinical applications specialist at your location as part of the Invenia ABUS system installation <ul><li style=\"color: rgb(51, 51, 51);width: 854px;\">Three full days of didactic teaching and hands-on scanning </li><li style=\"color: rgb(51, 51, 51);width: 854px;\">Overview of the Invenia ABUS workstation user interface, basic features and functionality, 3D volume layout, case management, image data storage and reporting </li><li style=\"color: rgb(51, 51, 51);width: 854px;\">One-on-one coaching to refine scanning technique and ensure proper positioning </li><li style=\"color: rgb(51, 51, 51);width: 854px;\">Review the quality of every scan </li></ul></li><li style=\"color: rgb(51, 51, 51);width: 854px;\">Includes 5 CEUs specific to breast ultrasound. Satisfies the minimum ACR credentialing requirements for ARRTs at ACR Breast Centers of Excellence or ACR Accredited Breast Ultrasound Centers </li></ul><!--EndFragment--><p><br/></p><p><br/></p>','<h2 style=\"color: rgb(102, 102, 102);\">Technology designed for screening.</h2><p style=\"color: rgb(102, 102, 102);width: 904px;\">GE Healthcare is the sole provider of FDA-approved technology designed for screening women with dense breast tissue. From its remarkable architecture to its advanced imaging algorithms, Invenia<sup>TM</sup><span class=\"Apple-converted-space\"> </span>ABUS is engineered for automated screening. Besides increased detection, the Invenia ABUS is designed for reproducibility, ease of use and both patient and operator comfort. </p><p style=\"color: rgb(102, 102, 102);width: 904px;\">Click the Tour icon above to view the Invenia ABUS Scan Station</p><p style=\"color: rgb(102, 102, 102);width: 904px;\"><em><img alt=\"Woman using Invenia ABUS\" src=\"http://www3.gehealthcare.com/~/media/images/product/product-categories/ultrasound/invenia%20abus/gehc-invenia-abus-technology.jpg?h=234&amp;w=351\" style=\"float: right;\"/></em></p><h2 style=\"color: rgb(102, 102, 102);\"><em>Powerful Imaging Architecture </em></h2><p><em style=\"color: rgb(68, 68, 68);\"></em></p><p><span style=\"color: rgb(68, 68, 68);float: none;background-color: rgb(255, 255, 255);\"></span></p><p style=\"color: rgb(102, 102, 102);width: 904px;\">Invenia ABUS’s imaging architecture shifts traditional ultrasound from hardware- to software-based processing, resulting in extraordinary performance for the fast-paced breast imaging environment. With its massive parallel processing power and proprietary beamforming technology, the system creates focus at every pixel, delivering an image of high uniformity and resolution. </p><p style=\"color: rgb(102, 102, 102);width: 904px;\"><em></em></p><h2 style=\"color: rgb(102, 102, 102);\"><em>Intelligent Imaging Algorithms </em></h2><p><em style=\"color: rgb(68, 68, 68);\"></em></p><p><span style=\"color: rgb(68, 68, 68);float: none;background-color: rgb(255, 255, 255);\"></span></p><p style=\"color: rgb(102, 102, 102);width: 904px;\">Advanced algorithms automate the imaging process to help provide remarkable image quality and reproducibility from user to user, these include: Tissue Equalization, Nipple Shadow Compensation, Breast Border Detection and Chest Wall Detection. All of these are all designed to eliminate the distractions, and focus the radiologist’s attention on the most important data – the anatomy. </p><p style=\"color: rgb(102, 102, 102);width: 904px;\"><em></em></p><h2 style=\"color: rgb(102, 102, 102);\"><em>User-friendly touchscreen </em></h2><p><em style=\"color: rgb(68, 68, 68);\"></em></p><p><span style=\"color: rgb(68, 68, 68);float: none;background-color: rgb(255, 255, 255);\"></span></p><p style=\"color: rgb(102, 102, 102);width: 904px;\">Operator workflow is smooth and easy with the Invenia ABUS high-resolution touchscreen display’s advanced Projective Capacitive Touch (PCT) technology. Its sleek, graphical user interface enhances the way you work. Tap and swipe colorful icons to quickly and easily maneuver through the Invenia ABUS exam. </p><p style=\"color: rgb(102, 102, 102);width: 904px;\"><em></em></p><h2 style=\"color: rgb(102, 102, 102);\"><em>Transducer shaped for a woman’s anatomy </em></h2><p><em style=\"color: rgb(68, 68, 68);\"></em></p><p><span style=\"color: rgb(68, 68, 68);float: none;background-color: rgb(255, 255, 255);\"></span></p><p style=\"color: rgb(102, 102, 102);width: 904px;\">The patented Reverse Curve™ transducer offers extraordinary image performance, enhanced breast coverage and patient comfort. It is an extraordinary new class of transducer design conforms to a woman’s anatomy. </p><!--EndFragment--><p><br/></p><p><br/></p>','<h2 style=\"color: rgb(102, 102, 102);\">Invenia ABUS System Consumable Supplies</h2><p style=\"color: rgb(102, 102, 102);width: 904px;\">GE Healthcare offers an array of consumable supplies for the Invenia<sup>TM</sup><span class=\"Apple-converted-space\"> </span>ABUS and somo•v<sup>TM</sup><span class=\"Apple-converted-space\"> </span>ABUS (Automated Breast Ultrasound) Platinum systems including scan membranes, Polysonic® ultrasound lotions and Protex<sup>TM</sup><span class=\"Apple-converted-space\"> </span>disinfectants.</p><p style=\"color: rgb(102, 102, 102);width: 904px;\"><em></em></p><p><img alt=\"\" src=\"http://www3.gehealthcare.com/~/media/images/product/product-categories/ultrasound/invenia%20abus/gehc-invenia-abus-consumables-abus_membrane.jpg?h=305&amp;w=350\" style=\"color: rgb(68, 68, 68);float: right;width: 230px;height: 200px;\"/></p><h2 style=\"color: rgb(102, 102, 102);\"><em>ABUS Single-Use Stabilization Membrane</em></h2><p><em style=\"color: rgb(68, 68, 68);\"></em></p><p><span style=\"color: rgb(68, 68, 68);float: none;background-color: rgb(255, 255, 255);\"></span></p><p style=\"color: rgb(102, 102, 102);width: 904px;\">The ABUS disposable scan membrane provides comfort to the patient during the 3D image acquisition. The flexible, polyester, mesh fabric stabilizes the breast tissue and enables better image quality during the scan. The membrane is single-use-only which eliminates the risk of cross-contamination and the need for sterilization. Curved membrane dimensions: 229mm (L) x 213mm (W) x 19mm (D).</p><p style=\"color: rgb(102, 102, 102);width: 904px;\"><img alt=\"\" src=\"http://www3.gehealthcare.com/~/media/images/product/product-categories/ultrasound/invenia%20abus/gehc-invenia-abus-consumables-abus_table.JPG?h=115&amp;w=500\" style=\"width: 400px;height: 92px;\"/></p><p><img alt=\"\" src=\"http://www3.gehealthcare.com/~/media/images/product/product-categories/ultrasound/invenia%20abus/gehc-invenia-abus-consumables-polysonic_nopump.jpg?h=210&amp;w=210\" style=\"color: rgb(68, 68, 68);float: right;\"/></p><h2 style=\"color: rgb(102, 102, 102);\"><em>PolySonic Lotion</em></h2><p style=\"color: rgb(102, 102, 102);width: 904px;\">POLYSONIC® Ultrasound Lotion is an acoustic coupling lotion that is hypo allergenic and has a light pleasing scent</p><p style=\"color: rgb(102, 102, 102);width: 904px;\"><img alt=\"\" src=\"http://www3.gehealthcare.com/~/media/images/product/product-categories/ultrasound/invenia%20abus/gehc-invenia-abus-consumables-polysonic_table.JPG?h=129&amp;w=500\" style=\"width: 400px;height: 104px;\"/></p><h2 style=\"color: rgb(102, 102, 102);\"><em>Disinfectant Wipes</em></h2><p><img alt=\"\" src=\"http://www3.gehealthcare.com/~/media/images/product/product-categories/ultrasound/invenia%20abus/protex-wipes_no-spray.png\" style=\"color: rgb(68, 68, 68);float: right;\"/></p><p><em style=\"color: rgb(68, 68, 68);\"></em></p><p><span style=\"color: rgb(68, 68, 68);float: none;background-color: rgb(255, 255, 255);\"></span></p><p style=\"color: rgb(102, 102, 102);width: 904px;\">Protex<sup>TM</sup><span class=\"Apple-converted-space\"> </span>one-step cleaner disinfectant kills more than 30 pathogens including HIV, H1N1 and MRSA, while remaining safe for even the most sensitive surfaces. For your ease and convenience, it is available as a pre-moistened wipe.</p><p style=\"color: rgb(102, 102, 102);width: 904px;\"><img alt=\"\" src=\"http://www3.gehealthcare.com/~/media/images/product/product-categories/ultrasound/invenia%20abus/gehc-invenia%20ibus%20-%20new.png\" style=\"width: 400px;height: 104px;\"/></p><!--EndFragment--><p><br/></p><p><br/></p>',7850),(15,'trophon EPR High Level Disinfection',1,1,NULL,NULL,NULL,NULL,NULL,4550),(16,'Transducer Covers',1,1,NULL,NULL,NULL,NULL,NULL,200),(17,'Ultrasound Gels',1,1,NULL,NULL,NULL,NULL,NULL,120),(18,'Probe Rack',1,1,NULL,NULL,NULL,NULL,NULL,450),(19,'MR Chillers',1,2,NULL,NULL,NULL,NULL,NULL,15000),(20,'MR Coils',1,2,NULL,NULL,NULL,NULL,NULL,23400),(21,'MR Injectors',1,2,NULL,NULL,NULL,NULL,NULL,9000),(22,'CT/PET Injectors',1,3,NULL,NULL,NULL,NULL,NULL,7800),(23,'Patient Monitoring',1,3,NULL,NULL,NULL,NULL,NULL,6000),(24,'Flat Table Tops',1,3,NULL,NULL,NULL,NULL,NULL,3800),(25,'Respiratory Gating',1,3,NULL,NULL,NULL,NULL,NULL,11000),(26,'Laser Systems',1,3,NULL,NULL,NULL,NULL,NULL,20000),(27,'Detector Holders',1,4,NULL,NULL,NULL,NULL,NULL,4500),(28,'Radiography Accessories',1,4,NULL,NULL,NULL,NULL,NULL,24000),(29,'R&F Accessories',1,4,NULL,NULL,NULL,NULL,NULL,2400),(30,'Mammography Accessories',1,4,NULL,NULL,NULL,NULL,NULL,12500),(31,'Vascular Accessories',1,4,NULL,NULL,NULL,NULL,NULL,14500),(32,'Prodigy for Bone Health',2,5,NULL,NULL,NULL,NULL,NULL,130000),(33,'DPX NT',2,5,NULL,NULL,NULL,NULL,NULL,150000),(34,'Sigma Pioneer',3,6,NULL,NULL,NULL,NULL,NULL,135000),(35,'Close SIGNA Creator',3,6,NULL,NULL,NULL,NULL,NULL,12800),(36,'Brivo MR355 Inspire',3,6,NULL,NULL,NULL,NULL,NULL,180000),(37,'DV24.0 Continuum Pak',3,6,NULL,NULL,NULL,NULL,NULL,320000),(38,'Close Signa HDxt 3.0T',3,6,NULL,NULL,NULL,NULL,NULL,238000),(39,'Signa HDxt 1.5T',3,6,NULL,NULL,NULL,NULL,NULL,198000),(40,'Optima PET/CT 560',4,7,NULL,NULL,NULL,NULL,NULL,260000),(41,'Discovery PET/CT 610',4,7,NULL,NULL,NULL,NULL,NULL,230000),(42,'Optima XR646',5,9,NULL,NULL,NULL,NULL,NULL,240000),(43,'Proteus XR/a',5,9,NULL,NULL,NULL,NULL,NULL,380000),(44,'FlashPad',5,9,NULL,NULL,NULL,NULL,NULL,170000),(45,'Optima XR220amx',6,11,NULL,NULL,NULL,NULL,NULL,190000),(46,'LOGIQ E9 with XDclear',6,11,NULL,NULL,NULL,NULL,NULL,175000),(47,'NextGen LOGIQ e Ultrasound',6,11,NULL,NULL,NULL,NULL,NULL,98000),(48,'LOGIQ S7 Ultrasound',6,11,NULL,NULL,NULL,NULL,NULL,220000),(49,'Voluson 730',6,11,NULL,NULL,NULL,NULL,NULL,250000),(50,'Optima XR220amx',5,10,NULL,NULL,NULL,NULL,NULL,92000);
/*!40000 ALTER TABLE `products` ENABLE KEYS */;
UNLOCK TABLES;

--
-- Table structure for table `service_documents`
--

DROP TABLE IF EXISTS `service_documents`;
/*!40101 SET @saved_cs_client     = @@character_set_client */;
/*!40101 SET character_set_client = utf8 */;
CREATE TABLE `service_documents` (
  `id` int(11) NOT NULL AUTO_INCREMENT,
  `name` varchar(255) NOT NULL,
  `service_id` int(11) NOT NULL,
  PRIMARY KEY (`id`)
) ENGINE=InnoDB DEFAULT CHARSET=latin1;
/*!40101 SET character_set_client = @saved_cs_client */;

--
-- Dumping data for table `service_documents`
--

LOCK TABLES `service_documents` WRITE;
/*!40000 ALTER TABLE `service_documents` DISABLE KEYS */;
/*!40000 ALTER TABLE `service_documents` ENABLE KEYS */;
UNLOCK TABLES;

--
-- Table structure for table `service_events`
--

DROP TABLE IF EXISTS `service_events`;
/*!40101 SET @saved_cs_client     = @@character_set_client */;
/*!40101 SET character_set_client = utf8 */;
CREATE TABLE `service_events` (
  `id` int(11) NOT NULL AUTO_INCREMENT,
  `deal_id` int(11) NOT NULL,
  `user_id` int(11) NOT NULL,
  `title` varchar(255) NOT NULL,
  `start_dt` datetime NOT NULL,
  `end_dt` datetime NOT NULL,
  `location` varchar(255) DEFAULT NULL,
  `charge` int(11) DEFAULT NULL,
  PRIMARY KEY (`id`)
) ENGINE=InnoDB AUTO_INCREMENT=6 DEFAULT CHARSET=latin1;
/*!40101 SET character_set_client = @saved_cs_client */;

--
-- Dumping data for table `service_events`
--

LOCK TABLES `service_events` WRITE;
/*!40000 ALTER TABLE `service_events` DISABLE KEYS */;
INSERT INTO `service_events` VALUES (1,21,4,'Product Demo','2015-12-04 15:00:00','2015-12-04 16:40:00','163 Tanglin Rd, 247933',0),(2,22,6,'Presentation','2015-12-04 14:10:00','2015-12-04 16:00:00','Outram Rd Singapore 169608',0),(3,23,7,'Product Demo','2015-12-04 14:45:00','2015-12-04 16:00:00','2 Simei Street 3 Singapore 529889',0),(4,1,4,'Product Installation','2015-11-19 14:00:00','2015-11-19 16:00:00','378 Alexandra Road Singapore 159964',0),(5,50,5,'Product Installation','2015-12-04 14:15:00','2015-12-04 15:45:00','5 Lower Kent Ridge Rd Singapore 119074',0);
/*!40000 ALTER TABLE `service_events` ENABLE KEYS */;
UNLOCK TABLES;

--
-- Table structure for table `user_monthly_records`
--

DROP TABLE IF EXISTS `user_monthly_records`;
/*!40101 SET @saved_cs_client     = @@character_set_client */;
/*!40101 SET character_set_client = utf8 */;
CREATE TABLE `user_monthly_records` (
  `id` int(11) NOT NULL AUTO_INCREMENT,
  `user_id` int(11) NOT NULL,
  `yearmonth` datetime NOT NULL,
  `sales_target` int(11) DEFAULT NULL,
  `claimable_expenses` int(11) DEFAULT NULL,
  `comment` mediumtext,
  PRIMARY KEY (`id`),
  UNIQUE KEY `user_yearmonth` (`user_id`,`yearmonth`)
) ENGINE=InnoDB AUTO_INCREMENT=26 DEFAULT CHARSET=latin1;
/*!40101 SET character_set_client = @saved_cs_client */;

--
-- Dumping data for table `user_monthly_records`
--

LOCK TABLES `user_monthly_records` WRITE;
/*!40000 ALTER TABLE `user_monthly_records` DISABLE KEYS */;
INSERT INTO `user_monthly_records` VALUES (1,3,'2015-10-01 00:00:00',80011,500,NULL),(2,3,'2015-11-01 00:00:00',85066,808,'<p>Well done last month!</p><p>I\'m glad to see you in our team!</p>'),(5,5,'2015-10-01 00:00:00',75000,500,'<p>Welcome to our team!</p>'),(6,5,'2015-11-01 00:00:00',75000,500,'<p>Nice to see you won a deal in the first month of work. Try winning two deals this month!</p>'),(7,8,'2015-10-01 00:00:00',220000,2000,''),(8,8,'2015-11-01 00:00:00',250000,3000,NULL),(9,3,'2015-12-01 00:00:00',90000,1000,'<p>Good job last month.</p>'),(10,4,'2015-09-01 00:00:00',100000,1000,NULL),(11,4,'2015-10-01 00:00:00',120000,1000,NULL),(12,4,'2015-11-01 00:00:00',120000,1000,NULL),(14,4,'2015-12-01 00:00:00',125000,1000,NULL),(15,5,'2015-12-01 00:00:00',100000,1000,NULL),(16,6,'2015-09-01 00:00:00',90000,800,NULL),(17,6,'2015-10-01 00:00:00',90000,800,NULL),(18,6,'2015-11-01 00:00:00',100000,900,NULL),(19,6,'2015-12-01 00:00:00',100000,900,NULL),(20,8,'2015-09-01 00:00:00',200000,2000,NULL),(21,8,'2015-12-01 00:00:00',225000,3500,NULL),(22,7,'2015-10-01 00:00:00',80000,700,NULL),(23,7,'2015-11-01 00:00:00',80000,700,NULL),(24,7,'2015-12-01 00:00:00',9000,700,NULL),(25,5,'2015-09-01 00:00:00',70000,500,NULL);
/*!40000 ALTER TABLE `user_monthly_records` ENABLE KEYS */;
UNLOCK TABLES;

--
-- Table structure for table `users`
--

DROP TABLE IF EXISTS `users`;
/*!40101 SET @saved_cs_client     = @@character_set_client */;
/*!40101 SET character_set_client = utf8 */;
CREATE TABLE `users` (
  `id` int(11) NOT NULL AUTO_INCREMENT,
  `username` varchar(255) NOT NULL,
  `password` varchar(255) NOT NULL,
  `firstname` varchar(255) NOT NULL,
  `lastname` varchar(255) NOT NULL,
  `email` varchar(255) NOT NULL,
  `telephone` varchar(255) NOT NULL,
  `office_id` tinyint(4) DEFAULT '0',
  `role` varchar(25) NOT NULL,
  PRIMARY KEY (`id`)
) ENGINE=InnoDB AUTO_INCREMENT=9 DEFAULT CHARSET=latin1;
/*!40101 SET character_set_client = @saved_cs_client */;

--
-- Dumping data for table `users`
--

LOCK TABLES `users` WRITE;
/*!40000 ALTER TABLE `users` DISABLE KEYS */;
INSERT INTO `users` VALUES (1,'admin1','e00cf25ad42683b3df678c61f42c6bda','Albert','Smith','alberts@worksap.co.jp','89234472',0,'ADMIN'),(2,'admin2','c84258e9c39059a89ab77d846ddab909','Betty','Johnson','bettyj@worksap.co.jp','79761432',0,'ADMIN'),(3,'user1','24c9e15e52afc47c225b757e7bee1f9d','Charles','Brown','charlesb@worksap.co.jp','83171310',0,'USER'),(4,'user2','7e58d63b60197ceb55a1c487989a3720','Dave','Miller','dave@worksap.co.jp','92234154',0,'USER'),(5,'user3','92877af70a45fd6a2ed7fe81e1236b78','Edward','Taylor','edtaylor@worksap.co.jp','75437108',0,'USER'),(6,'user4','3f02ebe3d7929b091e3d8ccfde2f3bc6','Fred','Thompson','fred@worksap.co.jp','84298022',0,'USER'),(7,'user5','0a791842f52a0acfbb3a783378c066b8','Gary','White','gary@worksap.co.jp','73317434',0,'USER'),(8,'user6','affec3b64cf90492377a8114c86fc093','Helen','Martin','helenm@worksap.co.jp','73317434',0,'USER');
/*!40000 ALTER TABLE `users` ENABLE KEYS */;
UNLOCK TABLES;
/*!40103 SET TIME_ZONE=@OLD_TIME_ZONE */;

/*!40101 SET SQL_MODE=@OLD_SQL_MODE */;
/*!40014 SET FOREIGN_KEY_CHECKS=@OLD_FOREIGN_KEY_CHECKS */;
/*!40014 SET UNIQUE_CHECKS=@OLD_UNIQUE_CHECKS */;
/*!40101 SET CHARACTER_SET_CLIENT=@OLD_CHARACTER_SET_CLIENT */;
/*!40101 SET CHARACTER_SET_RESULTS=@OLD_CHARACTER_SET_RESULTS */;
/*!40101 SET COLLATION_CONNECTION=@OLD_COLLATION_CONNECTION */;
/*!40111 SET SQL_NOTES=@OLD_SQL_NOTES */;

-- Dump completed on 2015-12-04 18:41:18
